customer_id,last_purchase,frequency,monetary,recency,R_score,F_score,M_score,RFM_score,segment
1,2026-03-19,7,145266.61,139,2,4,5,11,Loyal Customers
2,2026-07-23,6,150147.15,13,5,4,5,14,Champions
3,2026-07-18,5,92224.97,18,5,3,3,11,Loyal Customers
4,2026-05-13,9,103049.34999999999,84,3,5,4,12,Loyal Customers
5,2026-04-30,5,115315.17,97,3,3,4,10,Loyal Customers
6,2026-07-19,6,118762.42,17,5,4,4,13,Champions
7,2026-04-14,5,64863.14,113,3,3,2,8,Potential Loyalists
8,2026-07-29,4,41578.22,7,5,2,1,8,Potential Loyalists
9,2026-08-05,7,124440.36,0,5,4,4,13,Champions
10,2025-07-04,8,108849.28,397,1,5,4,10,Loyal Customers
11,2026-07-31,9,163449.82,5,5,5,5,15,Champions
12,2026-02-11,4,58490.42,175,2,2,2,6,At Risk
13,2026-05-31,3,80764.28,66,4,1,3,8,Potential Loyalists
14,2026-07-31,7,100843.5,5,5,4,4,13,Champions
15,2026-01-06,4,47814.34,211,2,2,2,6,At Risk
16,2026-05-18,7,127981.64,79,3,4,4,11,Loyal Customers
17,2026-07-12,8,129890.41,24,5,5,4,14,Champions
18,2026-07-19,7,124989.5,17,5,4,4,13,Champions
19,2026-03-28,2,53100.24,130,3,1,2,6,At Risk
20,2026-04-14,2,27592.97,113,3,1,1,5,Lost Customers
21,2026-08-02,5,93550.15,3,5,3,3,11,Loyal Customers
23,2026-08-04,5,95617.66,1,5,3,3,11,Loyal Customers
24,2026-06-21,7,112557.95999999999,45,4,4,4,12,Loyal Customers
25,2026-05-24,9,126947.09,73,4,5,4,13,Champions
26,2026-06-04,7,164622.81,62,4,4,5,13,Champions
27,2026-05-05,6,204253.24,92,3,4,5,12,Loyal Customers
28,2026-03-21,6,70445.92,137,2,4,2,8,Potential Loyalists
29,2025-11-24,6,151056.75,254,1,4,5,10,Loyal Customers
30,2026-05-15,9,129083.63,82,3,5,4,12,Loyal Customers
31,2026-06-28,7,114975.12,38,4,4,4,12,Loyal Customers
32,2026-03-10,5,139086.19,148,2,3,5,10,Loyal Customers
33,2025-07-07,3,45706.39,394,1,1,1,3,Lost Customers
34,2026-07-20,9,172312.7,16,5,5,5,15,Champions
35,2026-02-19,5,81505.20999999999,167,2,3,3,8,Potential Loyalists
36,2025-06-12,3,75093.51,419,1,1,3,5,Lost Customers
37,2025-09-04,4,37825.81,335,1,2,1,4,Lost Customers
38,2026-07-18,6,130326.5,18,5,4,4,13,Champions
39,2026-01-08,5,114855.36,209,2,3,4,9,Potential Loyalists
40,2025-12-12,9,187123.09,236,1,5,5,11,Loyal Customers
41,2024-12-29,4,53430.51,584,1,2,2,5,Lost Customers
42,2026-06-04,8,143590.28,62,4,5,5,14,Champions
43,2026-05-22,4,70056.35,75,4,2,2,8,Potential Loyalists
44,2026-05-05,5,134053.56,92,3,3,4,10,Loyal Customers
45,2026-07-18,4,67634.78,18,5,2,2,9,Potential Loyalists
46,2026-07-19,7,84048.81,17,5,4,3,12,Loyal Customers
47,2026-02-10,5,116525.45999999999,176,2,3,4,9,Potential Loyalists
48,2026-03-21,3,87547.64,137,2,1,3,6,At Risk
49,2026-06-14,4,80667.96,52,4,2,3,9,Potential Loyalists
50,2026-06-26,6,138926.28,40,4,4,5,13,Champions
51,2026-08-02,11,196874.58000000002,3,5,5,5,15,Champions
52,2025-10-06,3,113448.74,303,1,1,4,6,At Risk
53,2026-06-08,6,116705.88,58,4,4,4,12,Loyal Customers
54,2026-04-16,6,90230.98,111,3,4,3,10,Loyal Customers
55,2025-01-30,2,59475.420000000006,552,1,1,2,4,Lost Customers
56,2025-09-21,3,62326.65,318,1,1,2,4,Lost Customers
57,2026-07-19,7,159433.73,17,5,4,5,14,Champions
58,2025-01-29,1,38706.44,553,1,1,1,3,Lost Customers
59,2026-07-31,7,134127.1,5,5,4,4,13,Champions
60,2026-01-09,7,176468.38999999998,208,2,4,5,11,Loyal Customers
61,2025-11-26,1,18857.22,252,1,1,1,3,Lost Customers
62,2026-06-13,2,39774.1,53,4,1,1,6,At Risk
63,2026-08-03,8,99671.92,2,5,5,3,13,Champions
64,2026-02-02,3,26313.45,184,2,1,1,4,Lost Customers
65,2026-07-03,6,76367.5,33,4,4,3,11,Loyal Customers
66,2026-07-17,6,88002.47,19,5,4,3,12,Loyal Customers
67,2026-05-10,7,160448.16,87,3,4,5,12,Loyal Customers
68,2026-03-03,6,106664.66,155,2,4,4,10,Loyal Customers
69,2026-03-06,8,166916.03,152,2,5,5,12,Loyal Customers
70,2026-01-11,5,72528.08,206,2,3,2,7,At Risk
71,2026-07-14,6,86434.17,22,5,4,3,12,Loyal Customers
72,2026-06-26,3,49824.0,40,4,1,2,7,At Risk
73,2025-11-20,1,21714.03,258,1,1,1,3,Lost Customers
74,2026-04-27,4,77180.44,100,3,2,3,8,Potential Loyalists
75,2026-03-26,8,160153.52,132,3,5,5,13,Champions
76,2026-04-25,5,33493.21,102,3,3,1,7,At Risk
77,2026-04-06,3,70466.73000000001,121,3,1,2,6,At Risk
78,2026-04-06,3,54139.83,121,3,1,2,6,At Risk
79,2026-07-21,5,96891.34,15,5,3,3,11,Loyal Customers
80,2026-07-14,6,133293.54,22,5,4,4,13,Champions
81,2026-05-11,7,162785.83000000002,86,3,4,5,12,Loyal Customers
82,2026-08-02,8,180280.51,3,5,5,5,15,Champions
83,2026-01-30,3,23853.85,187,2,1,1,4,Lost Customers
84,2026-06-13,6,107623.24,53,4,4,4,12,Loyal Customers
85,2026-05-11,6,135452.2,86,3,4,5,12,Loyal Customers
86,2025-11-20,4,80057.14,258,1,2,3,6,At Risk
87,2026-03-06,6,90577.52,152,2,4,3,9,Potential Loyalists
88,2026-06-10,4,80515.45999999999,56,4,2,3,9,Potential Loyalists
89,2026-07-24,6,105046.36,12,5,4,4,13,Champions
90,2026-07-03,1,37358.7,33,4,1,1,6,At Risk
91,2025-10-18,2,35338.840000000004,291,1,1,1,3,Lost Customers
92,2025-11-02,4,105944.56,276,1,2,4,7,At Risk
93,2026-07-02,6,135188.33,34,4,4,5,13,Champions
94,2026-06-27,4,25447.95,39,4,2,1,7,At Risk
95,2026-05-13,7,188854.7,84,3,4,5,12,Loyal Customers
96,2025-12-26,4,75977.91,222,2,2,3,7,At Risk
97,2026-06-24,8,228057.54,42,4,5,5,14,Champions
98,2026-06-26,6,74465.24,40,4,4,2,10,Loyal Customers
99,2026-07-11,4,98580.75,25,5,2,3,10,Loyal Customers
100,2026-03-28,6,119926.37999999999,130,3,4,4,11,Loyal Customers
101,2025-07-31,4,80601.75,370,1,2,3,6,At Risk
102,2026-03-24,6,108004.02,134,2,4,4,10,Loyal Customers
103,2025-12-12,7,189438.99,236,1,4,5,10,Loyal Customers
104,2026-03-25,4,97930.15,133,3,2,3,8,Potential Loyalists
105,2026-03-24,4,37381.56,134,2,2,1,5,Lost Customers
106,2026-07-30,7,144103.08000000002,6,5,4,5,14,Champions
107,2026-03-27,2,69179.32,131,3,1,2,6,At Risk
108,2025-06-11,3,141376.87,420,1,1,5,7,At Risk
109,2026-07-25,7,141360.08000000002,11,5,4,5,14,Champions
110,2026-06-09,7,137843.73,57,4,4,5,13,Champions
111,2026-05-06,6,75766.41,91,3,4,3,10,Loyal Customers
112,2026-04-01,11,230263.22,126,3,5,5,13,Champions
113,2026-06-28,8,149622.05,38,4,5,5,14,Champions
114,2026-06-27,5,45180.96,39,4,3,1,8,Potential Loyalists
115,2026-01-03,4,42784.06,214,2,2,1,5,Lost Customers
116,2025-06-21,4,40137.56,410,1,2,1,4,Lost Customers
117,2026-04-07,7,77378.28,120,3,4,3,10,Loyal Customers
118,2026-04-02,7,135935.13,125,3,4,5,12,Loyal Customers
119,2026-02-24,2,34814.64,162,2,1,1,4,Lost Customers
120,2026-06-25,7,126147.64,41,4,4,4,12,Loyal Customers
121,2026-02-09,7,148991.91,177,2,4,5,11,Loyal Customers
122,2026-07-12,9,235902.56,24,5,5,5,15,Champions
123,2026-04-14,4,97455.89,113,3,2,3,8,Potential Loyalists
124,2026-07-20,7,94853.66,16,5,4,3,12,Loyal Customers
125,2025-01-18,1,7629.639999999999,564,1,1,1,3,Lost Customers
126,2026-06-26,4,89598.44,40,4,2,3,9,Potential Loyalists
127,2025-11-18,4,97849.24,260,1,2,3,6,At Risk
128,2025-07-25,5,72411.58,376,1,3,2,6,At Risk
129,2026-05-05,4,125484.48,92,3,2,4,9,Potential Loyalists
130,2026-08-05,11,244932.97,0,5,5,5,15,Champions
131,2026-06-30,14,170878.54,36,4,5,5,14,Champions
132,2026-08-04,7,132293.62,1,5,4,4,13,Champions
133,2025-12-10,3,38613.35,238,1,1,1,3,Lost Customers
134,2026-06-13,7,129522.12,53,4,4,4,12,Loyal Customers
135,2026-05-27,7,73362.43,70,4,4,2,10,Loyal Customers
136,2026-06-13,6,128518.23999999999,53,4,4,4,12,Loyal Customers
137,2026-03-10,6,138381.85,148,2,4,5,11,Loyal Customers
138,2026-02-10,5,68022.91,176,2,3,2,7,At Risk
139,2025-08-05,3,57148.13,365,1,1,2,4,Lost Customers
140,2026-08-02,8,221442.46,3,5,5,5,15,Champions
141,2026-03-17,6,98337.72,141,2,4,3,9,Potential Loyalists
142,2026-08-01,4,41961.11,4,5,2,1,8,Potential Loyalists
143,2026-08-03,5,61872.049999999996,2,5,3,2,10,Loyal Customers
144,2025-12-01,2,33213.72,247,1,1,1,3,Lost Customers
145,2026-05-09,6,84127.33,88,3,4,3,10,Loyal Customers
146,2026-07-17,5,55690.85,19,5,3,2,10,Loyal Customers
147,2025-12-17,6,127984.65,231,2,4,4,10,Loyal Customers
148,2026-06-19,9,155772.77,47,4,5,5,14,Champions
149,2025-05-22,5,145208.03,440,1,3,5,9,Potential Loyalists
150,2026-01-23,7,137007.8,194,2,4,5,11,Loyal Customers
151,2026-06-02,4,93043.43,64,4,2,3,9,Potential Loyalists
152,2026-03-13,8,131507.64,145,2,5,4,11,Loyal Customers
153,2026-04-03,3,25591.19,124,3,1,1,5,Lost Customers
154,2026-04-22,5,100707.81,105,3,3,4,10,Loyal Customers
155,2024-11-13,2,66311.5,630,1,1,2,4,Lost Customers
156,2025-11-01,7,168618.74,277,1,4,5,10,Loyal Customers
157,2026-07-04,6,103573.47,32,5,4,4,13,Champions
158,2026-05-19,2,55148.3,78,3,1,2,6,At Risk
159,2026-03-25,5,66829.61,133,3,3,2,8,Potential Loyalists
160,2024-10-29,3,97596.05,645,1,1,3,5,Lost Customers
161,2026-07-23,9,117507.92,13,5,5,4,14,Champions
162,2026-05-03,3,52183.07,94,3,1,2,6,At Risk
163,2026-04-03,2,36513.9,124,3,1,1,5,Lost Customers
164,2025-07-23,7,174523.02,378,1,4,5,10,Loyal Customers
165,2026-04-22,8,195900.21,105,3,5,5,13,Champions
166,2026-05-12,6,100108.25,85,3,4,4,11,Loyal Customers
167,2025-08-26,1,306.25,344,1,1,1,3,Lost Customers
168,2026-07-05,7,149238.71,31,5,4,5,14,Champions
169,2026-06-03,6,69433.1,63,4,4,2,10,Loyal Customers
170,2026-06-12,5,67254.41,54,4,3,2,9,Potential Loyalists
171,2025-12-13,4,91236.98999999999,235,1,2,3,6,At Risk
172,2026-08-02,11,146390.42,3,5,5,5,15,Champions
173,2025-07-07,6,120815.98,394,1,4,4,9,Potential Loyalists
174,2026-07-12,4,37142.29,24,5,2,1,8,Potential Loyalists
175,2025-11-11,7,127610.11,267,1,4,4,9,Potential Loyalists
176,2026-03-02,5,98581.36,156,2,3,3,8,Potential Loyalists
177,2026-05-09,6,88431.61,88,3,4,3,10,Loyal Customers
178,2026-05-07,9,189521.91,90,3,5,5,13,Champions
179,2026-07-22,4,112691.28,14,5,2,4,11,Loyal Customers
180,2026-04-21,3,42458.64,106,3,1,1,5,Lost Customers
181,2026-06-25,5,78900.25,41,4,3,3,10,Loyal Customers
182,2026-07-07,11,205036.66,29,5,5,5,15,Champions
183,2025-08-16,4,75348.43,354,1,2,3,6,At Risk
184,2026-07-01,5,59372.42,35,4,3,2,9,Potential Loyalists
185,2026-06-29,7,100085.72,37,4,4,4,12,Loyal Customers
186,2026-02-24,4,122398.43,162,2,2,4,8,Potential Loyalists
187,2026-04-09,4,77156.52,118,3,2,3,8,Potential Loyalists
188,2026-03-30,5,66727.98999999999,128,3,3,2,8,Potential Loyalists
189,2026-04-25,7,134017.26,102,3,4,4,11,Loyal Customers
190,2026-07-25,3,49488.759999999995,11,5,1,2,8,Potential Loyalists
191,2026-03-06,6,105312.65,152,2,4,4,10,Loyal Customers
192,2026-06-23,6,141595.18,43,4,4,5,13,Champions
193,2026-04-29,7,69127.0,98,3,4,2,9,Potential Loyalists
195,2026-07-25,6,125320.46,11,5,4,4,13,Champions
196,2026-03-25,7,103900.56999999999,133,3,4,4,11,Loyal Customers
197,2026-03-26,4,67886.9,132,3,2,2,7,At Risk
198,2026-05-12,8,109091.32,85,3,5,4,12,Loyal Customers
199,2026-06-09,4,66619.48,57,4,2,2,8,Potential Loyalists
200,2026-04-17,7,72368.55,110,3,4,2,9,Potential Loyalists
201,2025-08-03,3,61221.93,367,1,1,2,4,Lost Customers
202,2025-07-06,4,91479.05,395,1,2,3,6,At Risk
203,2026-03-15,4,37961.13,143,2,2,1,5,Lost Customers
204,2026-05-19,4,61616.380000000005,78,3,2,2,7,At Risk
205,2026-07-02,10,180135.57,34,4,5,5,14,Champions
206,2025-11-15,4,58657.0,263,1,2,2,5,Lost Customers
207,2026-05-18,2,39788.119999999995,79,3,1,1,5,Lost Customers
208,2026-03-28,5,57988.0,130,3,3,2,8,Potential Loyalists
209,2026-03-19,3,72568.79,139,2,1,2,5,Lost Customers
210,2026-01-16,2,28419.6,201,2,1,1,4,Lost Customers
211,2026-07-10,7,219831.54,26,5,4,5,14,Champions
212,2026-05-25,5,55343.64,72,4,3,2,9,Potential Loyalists
213,2026-02-21,4,98395.68,165,2,2,3,7,At Risk
214,2026-05-05,5,103865.51,92,3,3,4,10,Loyal Customers
215,2026-06-06,8,152840.65,60,4,5,5,14,Champions
216,2026-02-28,6,110712.53,158,2,4,4,10,Loyal Customers
217,2026-07-09,5,90557.83,27,5,3,3,11,Loyal Customers
218,2026-04-03,8,156531.25,124,3,5,5,13,Champions
219,2026-05-30,3,55297.5,67,4,1,2,7,At Risk
220,2026-03-08,3,51491.53,150,2,1,2,5,Lost Customers
221,2026-03-07,1,11891.099999999999,151,2,1,1,4,Lost Customers
222,2026-03-30,4,79225.53,128,3,2,3,8,Potential Loyalists
223,2026-02-26,5,78468.39,160,2,3,3,8,Potential Loyalists
224,2025-12-15,7,163146.13,233,1,4,5,10,Loyal Customers
225,2026-06-23,7,147468.0,43,4,4,5,13,Champions
226,2026-03-31,8,155765.58000000002,127,3,5,5,13,Champions
227,2026-06-22,2,17937.3,44,4,1,1,6,At Risk
228,2026-04-24,6,65895.9,103,3,4,2,9,Potential Loyalists
229,2026-06-17,5,138798.56,49,4,3,5,12,Loyal Customers
230,2026-05-17,8,171014.03,80,3,5,5,13,Champions
231,2026-06-01,4,70222.43,65,4,2,2,8,Potential Loyalists
232,2026-05-29,5,69061.73,68,4,3,2,9,Potential Loyalists
233,2026-05-19,7,97687.75,78,3,4,3,10,Loyal Customers
234,2026-06-14,6,138303.79,52,4,4,5,13,Champions
235,2026-06-25,5,113189.89,41,4,3,4,11,Loyal Customers
236,2025-11-11,3,31956.2,267,1,1,1,3,Lost Customers
237,2026-03-28,3,42559.67,130,3,1,1,5,Lost Customers
238,2026-06-29,7,115972.09,37,4,4,4,12,Loyal Customers
239,2026-05-14,6,116851.93000000001,83,3,4,4,11,Loyal Customers
241,2026-07-05,8,184600.44,31,5,5,5,15,Champions
242,2026-07-08,4,19568.870000000003,28,5,2,1,8,Potential Loyalists
243,2026-07-31,5,58006.92,5,5,3,2,10,Loyal Customers
244,2026-04-26,4,38413.299999999996,101,3,2,1,6,At Risk
245,2025-11-11,4,55434.96,267,1,2,2,5,Lost Customers
246,2025-07-22,5,82849.84,379,1,3,3,7,At Risk
247,2026-05-23,5,76191.77,74,4,3,3,10,Loyal Customers
248,2026-07-17,4,56351.159999999996,19,5,2,2,9,Potential Loyalists
249,2026-01-25,8,114216.89,192,2,5,4,11,Loyal Customers
250,2026-01-11,4,104849.03,206,2,2,4,8,Potential Loyalists
251,2026-03-26,6,181537.23,132,3,4,5,12,Loyal Customers
252,2026-04-06,3,62716.009999999995,121,3,1,2,6,At Risk
253,2026-07-05,7,99092.06,31,5,4,3,12,Loyal Customers
254,2025-08-04,1,2713.27,366,1,1,1,3,Lost Customers
255,2026-06-24,3,67634.42,42,4,1,2,7,At Risk
256,2026-01-19,7,105996.78,198,2,4,4,10,Loyal Customers
257,2026-06-22,5,130113.96,44,4,3,4,11,Loyal Customers
258,2026-01-12,4,52286.37,205,2,2,2,6,At Risk
259,2026-03-12,2,30337.62,146,2,1,1,4,Lost Customers
260,2025-04-18,2,12127.210000000001,474,1,1,1,3,Lost Customers
261,2026-04-06,6,146775.73,121,3,4,5,12,Loyal Customers
262,2026-01-13,2,50124.44,204,2,1,2,5,Lost Customers
263,2026-05-30,2,77691.71,67,4,1,3,8,Potential Loyalists
264,2026-07-21,7,168246.97,15,5,4,5,14,Champions
265,2026-03-25,7,61368.46000000001,133,3,4,2,9,Potential Loyalists
266,2026-06-20,7,107540.20999999999,46,4,4,4,12,Loyal Customers
267,2026-07-19,7,121197.52,17,5,4,4,13,Champions
268,2026-02-02,6,126799.36,184,2,4,4,10,Loyal Customers
269,2026-08-03,9,207862.02,2,5,5,5,15,Champions
270,2025-07-07,3,42995.79,394,1,1,1,3,Lost Customers
271,2025-10-05,5,144471.28,304,1,3,5,9,Potential Loyalists
272,2026-07-06,3,38798.62,30,5,1,1,7,At Risk
273,2026-01-20,3,41347.4,197,2,1,1,4,Lost Customers
274,2026-05-31,5,90222.91,66,4,3,3,10,Loyal Customers
275,2026-05-29,7,131195.68,68,4,4,4,12,Loyal Customers
276,2026-05-25,9,145892.57,72,4,5,5,14,Champions
277,2025-02-20,2,33801.24,531,1,1,1,3,Lost Customers
278,2026-03-18,4,72224.77,140,2,2,2,6,At Risk
279,2025-01-06,1,6410.26,576,1,1,1,3,Lost Customers
280,2026-03-29,4,75044.18,129,3,2,3,8,Potential Loyalists
281,2025-08-02,5,104338.88,368,1,3,4,8,Potential Loyalists
282,2026-07-15,2,20682.36,21,5,1,1,7,At Risk
283,2026-07-09,11,240369.96,27,5,5,5,15,Champions
284,2026-04-28,4,67557.26000000001,99,3,2,2,7,At Risk
285,2026-05-05,7,179920.7,92,3,4,5,12,Loyal Customers
286,2025-07-19,1,13556.849999999999,382,1,1,1,3,Lost Customers
287,2026-04-27,5,165702.62,100,3,3,5,11,Loyal Customers
288,2026-07-17,7,59850.41,19,5,4,2,11,Loyal Customers
289,2026-01-18,7,123310.18,199,2,4,4,10,Loyal Customers
290,2026-02-06,5,124452.54000000001,180,2,3,4,9,Potential Loyalists
291,2026-06-06,4,63003.36,60,4,2,2,8,Potential Loyalists
292,2026-06-10,11,209703.56,56,4,5,5,14,Champions
293,2026-04-07,7,108400.67,120,3,4,4,11,Loyal Customers
294,2026-07-06,6,99084.65,30,5,4,3,12,Loyal Customers
295,2026-06-16,4,45647.84,50,4,2,1,7,At Risk
297,2026-06-19,7,111784.98000000001,47,4,5,4,13,Champions
298,2026-07-12,3,38054.1,24,5,1,1,7,At Risk
299,2026-07-14,6,137104.66,22,5,4,5,14,Champions
300,2026-02-09,6,137697.83,177,2,4,5,11,Loyal Customers
301,2025-12-25,4,62638.8,223,2,2,2,6,At Risk
302,2026-02-26,4,40332.66,160,2,2,1,5,Lost Customers
303,2026-07-04,3,48021.05,32,5,1,2,8,Potential Loyalists
304,2026-03-16,3,17523.85,142,2,1,1,4,Lost Customers
305,2025-04-21,2,7278.96,471,1,1,1,3,Lost Customers
306,2026-04-25,5,53880.83,102,3,3,2,8,Potential Loyalists
307,2026-06-16,8,177005.19,50,4,5,5,14,Champions
308,2026-07-25,7,103301.91,11,5,5,4,14,Champions
309,2025-10-08,4,22411.18,301,1,2,1,4,Lost Customers
310,2025-10-03,5,75410.53,306,1,3,3,7,At Risk
311,2026-06-13,9,232902.41,53,4,5,5,14,Champions
312,2026-01-10,3,75795.24,207,2,1,3,6,At Risk
313,2025-12-22,5,101097.8,226,2,3,4,9,Potential Loyalists
314,2025-10-12,4,85023.36,297,1,2,3,6,At Risk
315,2025-11-11,5,99896.49,267,1,3,3,7,At Risk
316,2025-08-12,3,83612.34,358,1,1,3,5,Lost Customers
317,2026-06-03,5,118543.95999999999,63,4,3,4,11,Loyal Customers
318,2025-07-15,3,22382.77,386,1,1,1,3,Lost Customers
319,2026-06-30,5,62288.10999999999,36,4,3,2,9,Potential Loyalists
320,2025-09-08,4,45919.979999999996,331,1,2,1,4,Lost Customers
321,2026-01-16,3,96975.72,201,2,1,3,6,At Risk
322,2026-06-26,7,128971.89,40,4,5,4,13,Champions
323,2026-08-02,5,66182.04000000001,3,5,3,2,10,Loyal Customers
324,2026-05-19,5,68219.3,78,3,3,2,8,Potential Loyalists
325,2026-03-23,3,41918.62,135,2,1,1,4,Lost Customers
326,2026-04-02,6,164368.49000000002,125,3,4,5,12,Loyal Customers
327,2026-06-13,7,84715.65000000001,53,4,5,3,12,Loyal Customers
328,2026-03-08,5,96969.9,150,2,3,3,8,Potential Loyalists
329,2026-05-25,6,108922.51999999999,72,4,4,4,12,Loyal Customers
330,2026-07-08,7,106444.44,28,5,5,4,14,Champions
331,2026-02-13,6,131877.53,173,2,4,4,10,Loyal Customers
332,2026-03-03,8,124814.17,155,2,5,4,11,Loyal Customers
333,2026-01-01,4,69185.72,216,2,2,2,6,At Risk
334,2025-11-08,2,40372.6,270,1,1,1,3,Lost Customers
335,2026-07-25,9,119412.95,11,5,5,4,14,Champions
336,2026-05-19,6,159604.78,78,3,4,5,12,Loyal Customers
337,2026-04-23,3,59672.310000000005,104,3,1,2,6,At Risk
338,2026-06-06,5,90722.45999999999,60,4,3,3,10,Loyal Customers
339,2026-07-18,9,150663.99,18,5,5,5,15,Champions
340,2026-04-16,8,158501.46,111,3,5,5,13,Champions
341,2026-04-15,1,36121.64,112,3,1,1,5,Lost Customers
342,2026-07-07,5,110590.36,29,5,3,4,12,Loyal Customers
343,2026-07-09,7,185407.52000000002,27,5,5,5,15,Champions
344,2024-11-12,1,42052.71,631,1,1,1,3,Lost Customers
345,2025-07-26,4,61270.58,375,1,2,2,5,Lost Customers
346,2026-07-25,3,42320.16,11,5,1,1,7,At Risk
347,2026-05-24,4,48819.43,73,4,2,2,8,Potential Loyalists
348,2026-06-13,4,84118.22,53,4,2,3,9,Potential Loyalists
349,2026-03-23,3,75188.65,135,2,1,3,6,At Risk
350,2025-03-25,4,61455.21,498,1,2,2,5,Lost Customers
351,2025-12-14,3,35234.340000000004,234,1,1,1,3,Lost Customers
352,2026-02-24,5,50753.12,162,2,3,2,7,At Risk
353,2026-07-18,5,95603.39,18,5,3,3,11,Loyal Customers
354,2026-06-01,4,97617.58,65,4,2,3,9,Potential Loyalists
355,2025-03-24,1,16372.0,499,1,1,1,3,Lost Customers
356,2026-05-05,3,34022.72,92,3,1,1,5,Lost Customers
357,2026-07-22,6,98124.99,14,5,4,3,12,Loyal Customers
358,2026-04-25,6,96834.0,102,3,4,3,10,Loyal Customers
359,2026-05-19,4,87969.61,78,3,2,3,8,Potential Loyalists
360,2025-01-20,2,37968.479999999996,562,1,1,1,3,Lost Customers
361,2026-05-13,5,97586.94,84,3,3,3,9,Potential Loyalists
362,2026-03-09,4,53523.899999999994,149,2,2,2,6,At Risk
363,2026-05-08,5,91742.83,89,3,3,3,9,Potential Loyalists
364,2026-05-22,3,26440.57,75,4,1,1,6,At Risk
365,2026-01-23,3,65252.35,194,2,1,2,5,Lost Customers
366,2026-03-29,5,68545.01,129,3,3,2,8,Potential Loyalists
367,2026-07-28,4,86847.2,8,5,2,3,10,Loyal Customers
368,2026-05-22,2,41565.94,75,4,1,1,6,At Risk
369,2026-03-25,5,134049.27,133,3,3,4,10,Loyal Customers
370,2026-07-29,2,26777.89,7,5,1,1,7,At Risk
371,2026-07-18,8,164619.3,18,5,5,5,15,Champions
372,2025-06-11,2,48520.68,420,1,1,2,4,Lost Customers
373,2026-06-22,10,243359.19,44,4,5,5,14,Champions
374,2026-05-22,4,90490.56,75,4,2,3,9,Potential Loyalists
375,2025-10-14,4,70428.45999999999,295,1,2,2,5,Lost Customers
376,2026-07-09,5,105176.39,27,5,3,4,12,Loyal Customers
377,2026-02-17,5,166927.88,169,2,3,5,10,Loyal Customers
378,2026-02-26,8,98502.57,160,2,5,3,10,Loyal Customers
379,2026-06-25,8,146853.38,41,4,5,5,14,Champions
380,2026-02-10,4,78998.07,176,2,2,3,7,At Risk
381,2026-05-19,2,21628.43,78,3,1,1,5,Lost Customers
382,2026-08-01,12,204340.29,4,5,5,5,15,Champions
383,2026-08-02,8,140131.74,3,5,5,5,15,Champions
384,2026-07-29,6,104960.76,7,5,4,4,13,Champions
385,2026-05-07,4,36328.43,90,3,2,1,6,At Risk
386,2026-07-17,6,99520.64,19,5,4,3,12,Loyal Customers
387,2025-12-15,6,61445.65,233,1,4,2,7,At Risk
388,2025-10-06,3,62495.83,303,1,1,2,4,Lost Customers
389,2025-04-24,3,67113.59999999999,468,1,1,2,4,Lost Customers
390,2026-03-30,5,106065.6,128,3,3,4,10,Loyal Customers
391,2026-08-03,7,133417.59,2,5,5,4,14,Champions
392,2026-01-30,8,175483.1,187,2,5,5,12,Loyal Customers
393,2026-03-14,6,73717.68000000001,144,2,4,2,8,Potential Loyalists
394,2025-07-30,1,2946.24,371,1,1,1,3,Lost Customers
395,2026-07-03,4,44425.04,33,4,2,1,7,At Risk
396,2025-11-16,4,130877.73999999999,262,1,2,4,7,At Risk
397,2025-08-12,7,184216.49,358,1,5,5,11,Loyal Customers
398,2025-12-26,7,93601.58,222,2,5,3,10,Loyal Customers
399,2026-06-25,5,90354.25,41,4,3,3,10,Loyal Customers
400,2025-08-04,6,126270.52,366,1,4,4,9,Potential Loyalists
401,2026-05-15,5,77108.76,82,3,3,3,9,Potential Loyalists
402,2026-02-28,2,41445.28,158,2,1,1,4,Lost Customers
403,2026-06-23,5,121453.85,43,4,3,4,11,Loyal Customers
404,2026-01-05,4,106384.07,212,2,2,4,8,Potential Loyalists
405,2026-07-26,6,111451.55,10,5,4,4,13,Champions
406,2026-07-18,6,206956.46,18,5,4,5,14,Champions
407,2026-03-19,4,105236.25,139,2,2,4,8,Potential Loyalists
408,2025-12-07,3,57224.35,241,1,1,2,4,Lost Customers
409,2026-08-03,8,137358.98,2,5,5,5,15,Champions
410,2026-07-27,3,9902.44,9,5,1,1,7,At Risk
411,2026-02-10,6,86457.89,176,2,4,3,9,Potential Loyalists
412,2026-05-26,6,168499.68,71,4,4,5,13,Champions
413,2026-01-13,8,139186.94,204,2,5,5,12,Loyal Customers
414,2025-09-08,3,78842.32,331,1,1,3,5,Lost Customers
415,2025-10-18,1,37942.66,291,1,1,1,3,Lost Customers
417,2026-03-21,3,44816.69,137,2,1,1,4,Lost Customers
418,2026-05-29,5,72719.74,68,4,3,2,9,Potential Loyalists
419,2026-04-08,8,114291.42,119,3,5,4,12,Loyal Customers
420,2026-05-21,4,84441.52,76,4,2,3,9,Potential Loyalists
421,2026-03-08,5,72959.38,150,2,3,2,7,At Risk
422,2026-07-30,5,94551.33,6,5,3,3,11,Loyal Customers
423,2026-06-05,3,74013.51000000001,61,4,1,2,7,At Risk
424,2026-08-02,4,74486.65,3,5,2,2,9,Potential Loyalists
425,2026-07-04,4,41026.94,32,5,2,1,8,Potential Loyalists
426,2026-04-24,4,62791.05,103,3,2,2,7,At Risk
427,2025-10-19,5,89200.16,290,1,3,3,7,At Risk
428,2026-06-23,6,106197.25,43,4,4,4,12,Loyal Customers
429,2026-04-19,5,60114.05,108,3,3,2,8,Potential Loyalists
430,2025-11-02,8,208717.16,276,1,5,5,11,Loyal Customers
431,2024-10-16,1,9861.17,658,1,1,1,3,Lost Customers
432,2026-08-04,4,86430.39,1,5,2,3,10,Loyal Customers
433,2026-07-19,10,199345.93,17,5,5,5,15,Champions
434,2025-08-13,2,46291.29,357,1,1,1,3,Lost Customers
435,2026-03-18,2,39304.97,140,2,1,1,4,Lost Customers
436,2026-03-05,5,69113.35,153,2,3,2,7,At Risk
437,2026-07-29,10,135095.92,7,5,5,5,15,Champions
438,2025-08-15,3,34739.78,355,1,1,1,3,Lost Customers
439,2026-03-21,2,61924.92,137,2,1,2,5,Lost Customers
440,2026-05-12,6,98280.39,85,3,4,3,10,Loyal Customers
441,2026-07-04,3,14621.38,32,5,1,1,7,At Risk
442,2026-02-08,8,125351.31,178,2,5,4,11,Loyal Customers
443,2026-06-04,7,221995.67,62,4,5,5,14,Champions
444,2025-12-08,2,34728.57,240,1,1,1,3,Lost Customers
445,2026-03-29,6,110039.49,129,3,4,4,11,Loyal Customers
446,2026-05-13,6,82033.94,84,3,4,3,10,Loyal Customers
447,2026-01-27,3,33943.700000000004,190,2,1,1,4,Lost Customers
448,2026-01-06,6,159809.03,211,2,4,5,11,Loyal Customers
449,2026-07-07,10,191815.02000000002,29,5,5,5,15,Champions
450,2026-07-15,8,125379.25,21,5,5,4,14,Champions
451,2026-01-21,5,67773.46,196,2,3,2,7,At Risk
452,2026-05-05,4,58529.61,92,3,2,2,7,At Risk
453,2026-06-01,6,91561.92,65,4,4,3,11,Loyal Customers
454,2025-01-27,2,46126.03,555,1,1,1,3,Lost Customers
455,2026-07-11,8,91563.83,25,5,5,3,13,Champions
456,2026-03-06,9,149928.58,152,2,5,5,12,Loyal Customers
457,2026-08-03,7,125204.76,2,5,5,4,14,Champions
458,2026-01-01,3,52455.36,216,2,1,2,5,Lost Customers
459,2026-06-27,2,29556.55,39,4,1,1,6,At Risk
460,2026-07-13,10,207211.6,23,5,5,5,15,Champions
461,2026-04-28,3,35702.8,99,3,1,1,5,Lost Customers
462,2026-04-27,8,153494.13999999998,100,3,5,5,13,Champions
463,2026-04-14,4,39404.44,113,3,2,1,6,At Risk
464,2026-05-11,7,95455.15000000001,86,3,5,3,11,Loyal Customers
465,2025-07-23,3,91338.64,378,1,1,3,5,Lost Customers
466,2026-02-22,4,76446.4,164,2,2,3,7,At Risk
467,2026-07-19,4,35430.45,17,5,2,1,8,Potential Loyalists
468,2026-08-05,6,123352.41,0,5,4,4,13,Champions
469,2026-02-22,6,69272.65,164,2,4,2,8,Potential Loyalists
470,2025-11-13,4,105762.41,265,1,2,4,7,At Risk
471,2026-06-25,4,67667.13,41,4,2,2,8,Potential Loyalists
472,2026-05-11,8,157016.77000000002,86,3,5,5,13,Champions
473,2026-06-11,6,98836.88,55,4,4,3,11,Loyal Customers
474,2026-02-16,8,146693.2,170,2,5,5,12,Loyal Customers
475,2026-01-08,3,47261.590000000004,209,2,1,1,4,Lost Customers
476,2026-08-03,6,99820.63,2,5,4,3,12,Loyal Customers
477,2025-06-05,4,72306.85,426,1,2,2,5,Lost Customers
478,2026-04-14,2,29852.58,113,3,1,1,5,Lost Customers
479,2026-03-06,6,114471.23,152,2,4,4,10,Loyal Customers
480,2026-01-23,5,49405.42,194,2,3,2,7,At Risk
481,2026-03-11,5,63301.06,147,2,3,2,7,At Risk
482,2026-01-10,7,121642.84,207,2,5,4,11,Loyal Customers
483,2026-01-17,5,69651.47,200,2,3,2,7,At Risk
484,2026-05-05,8,139386.94,92,3,5,5,13,Champions
485,2026-07-24,5,100546.02,12,5,3,4,12,Loyal Customers
486,2026-05-22,9,188453.77,75,4,5,5,14,Champions
487,2026-05-13,2,52679.7,84,3,1,2,6,At Risk
488,2026-07-08,3,65598.15,28,5,1,2,8,Potential Loyalists
489,2026-03-07,4,71063.28,151,2,2,2,6,At Risk
490,2026-03-30,2,43704.78,128,3,1,1,5,Lost Customers
491,2025-10-29,7,173462.13999999998,280,1,5,5,11,Loyal Customers
492,2025-02-04,1,249.82,547,1,1,1,3,Lost Customers
493,2026-04-15,4,83605.0,112,3,2,3,8,Potential Loyalists
494,2026-02-28,3,49241.369999999995,158,2,1,2,5,Lost Customers
495,2026-05-21,4,68009.62,76,4,2,2,8,Potential Loyalists
496,2026-07-28,7,105687.96,8,5,5,4,14,Champions
497,2026-01-06,4,101050.36,211,2,2,4,8,Potential Loyalists
498,2026-04-06,7,135043.84,121,3,5,5,13,Champions
499,2026-07-17,2,52216.15,19,5,1,2,8,Potential Loyalists
500,2026-05-19,5,142229.82,78,3,3,5,11,Loyal Customers
501,2025-09-20,6,120814.26,319,1,4,4,9,Potential Loyalists
502,2026-03-18,5,56923.53,140,2,3,2,7,At Risk
503,2026-07-23,7,98438.06,13,5,5,3,13,Champions
504,2026-02-16,5,99401.11,170,2,3,3,8,Potential Loyalists
505,2026-08-03,3,37398.96,2,5,1,1,7,At Risk
506,2025-10-04,4,69361.15,305,1,2,2,5,Lost Customers
507,2026-03-04,6,112753.59,154,2,4,4,10,Loyal Customers
508,2026-06-07,6,99396.56999999999,59,4,4,3,11,Loyal Customers
509,2025-05-23,2,37696.11,439,1,1,1,3,Lost Customers
510,2026-06-21,4,73275.79,45,4,2,2,8,Potential Loyalists
511,2026-01-21,4,67859.12,196,2,2,2,6,At Risk
512,2026-02-21,6,101227.22,165,2,4,4,10,Loyal Customers
513,2026-02-17,5,68278.93,169,2,3,2,7,At Risk
514,2025-12-07,5,167306.83,241,1,3,5,9,Potential Loyalists
515,2026-01-05,4,51630.229999999996,212,2,2,2,6,At Risk
516,2026-04-25,7,94099.27,102,3,5,3,11,Loyal Customers
517,2026-01-12,3,40849.87,205,2,1,1,4,Lost Customers
518,2025-12-26,3,42803.5,222,2,1,1,4,Lost Customers
519,2026-03-12,3,28880.39,146,2,1,1,4,Lost Customers
520,2026-07-04,10,187833.78,32,5,5,5,15,Champions
521,2026-07-07,8,191439.07,29,5,5,5,15,Champions
522,2026-01-22,6,135392.83,195,2,4,5,11,Loyal Customers
523,2025-10-25,3,29083.56,284,1,1,1,3,Lost Customers
524,2026-07-28,5,86622.18,8,5,3,3,11,Loyal Customers
525,2026-05-27,7,118907.64,70,4,5,4,13,Champions
526,2025-12-20,1,17485.02,228,2,1,1,4,Lost Customers
527,2026-06-26,4,52970.02,40,4,2,2,8,Potential Loyalists
528,2026-03-16,4,43217.590000000004,142,2,2,1,5,Lost Customers
529,2026-07-23,5,100396.36,13,5,3,4,12,Loyal Customers
530,2026-06-30,5,95038.55,36,4,3,3,10,Loyal Customers
531,2026-07-04,5,134947.45,32,5,3,4,12,Loyal Customers
532,2026-03-15,6,119891.53,143,2,4,4,10,Loyal Customers
533,2026-06-04,5,97099.74,62,4,3,3,10,Loyal Customers
534,2026-04-26,5,87860.65,101,3,3,3,9,Potential Loyalists
535,2025-08-14,4,98292.45,356,1,2,3,6,At Risk
536,2025-12-24,6,147523.93,224,2,4,5,11,Loyal Customers
537,2026-03-03,1,38977.649999999994,155,2,1,1,4,Lost Customers
538,2026-05-18,3,51351.05,79,3,1,2,6,At Risk
539,2024-10-03,1,19201.73,671,1,1,1,3,Lost Customers
540,2026-05-20,2,28361.289999999997,77,4,1,1,6,At Risk
541,2025-10-06,2,32590.21,303,1,1,1,3,Lost Customers
542,2026-02-25,6,59378.25,161,2,4,2,8,Potential Loyalists
544,2026-05-04,3,42076.37,93,3,1,1,5,Lost Customers
545,2025-11-10,5,96197.76000000001,268,1,3,3,7,At Risk
546,2025-11-28,5,108228.35,250,1,3,4,8,Potential Loyalists
547,2025-10-18,5,165983.71000000002,291,1,3,5,9,Potential Loyalists
548,2026-08-05,12,213639.5,0,5,5,5,15,Champions
549,2025-11-19,7,184103.24,259,1,5,5,11,Loyal Customers
550,2026-02-02,4,44001.2,184,2,2,1,5,Lost Customers
551,2026-04-25,5,53528.78,102,3,3,2,8,Potential Loyalists
552,2025-08-19,3,52994.22,351,1,1,2,4,Lost Customers
553,2025-06-03,4,39238.51,428,1,2,1,4,Lost Customers
554,2025-02-12,3,22191.83,539,1,1,1,3,Lost Customers
555,2026-06-30,9,181783.69,36,4,5,5,14,Champions
556,2025-06-04,2,41408.92,427,1,1,1,3,Lost Customers
557,2025-06-30,3,100059.09,401,1,1,3,5,Lost Customers
558,2025-12-03,4,70246.63,245,1,2,2,5,Lost Customers
559,2025-06-09,1,2274.14,422,1,1,1,3,Lost Customers
560,2026-07-24,4,88233.87,12,5,2,3,10,Loyal Customers
561,2025-09-06,2,25738.16,333,1,1,1,3,Lost Customers
562,2025-12-15,3,43243.46,233,1,1,1,3,Lost Customers
563,2026-01-12,2,42393.78,205,2,1,1,4,Lost Customers
564,2026-07-03,7,103770.70999999999,33,4,5,4,13,Champions
565,2026-01-15,5,79499.81,202,2,3,3,8,Potential Loyalists
566,2025-11-26,4,69518.23999999999,252,1,2,2,5,Lost Customers
567,2026-07-21,6,109883.34,15,5,4,4,13,Champions
568,2026-07-12,5,72652.67,24,5,3,2,10,Loyal Customers
569,2026-07-23,5,89261.0,13,5,3,3,11,Loyal Customers
570,2026-08-04,8,237772.81,1,5,5,5,15,Champions
571,2026-06-10,5,170922.67,56,4,3,5,12,Loyal Customers
572,2026-01-23,7,195469.52,194,2,5,5,12,Loyal Customers
573,2026-01-18,6,120946.45,199,2,4,4,10,Loyal Customers
574,2025-12-24,5,175755.32,224,2,3,5,10,Loyal Customers
575,2026-06-28,4,112870.58,38,4,2,4,10,Loyal Customers
576,2026-06-19,8,136588.06,47,4,5,5,14,Champions
577,2026-05-20,10,155419.3,77,4,5,5,14,Champions
578,2026-08-02,5,100921.3,3,5,3,4,12,Loyal Customers
579,2026-04-16,6,115132.7,111,3,4,4,11,Loyal Customers
580,2026-03-06,3,61117.060000000005,152,2,1,2,5,Lost Customers
581,2026-07-19,10,190695.05,17,5,5,5,15,Champions
582,2026-05-29,7,125898.53,68,4,5,4,13,Champions
583,2026-05-06,4,64677.270000000004,91,3,2,2,7,At Risk
584,2026-07-22,8,130980.1,14,5,5,4,14,Champions
585,2026-07-11,7,173151.37,25,5,5,5,15,Champions
586,2026-05-21,7,94104.99,76,4,5,3,12,Loyal Customers
587,2026-08-05,8,181755.77,0,5,5,5,15,Champions
588,2026-01-27,5,125669.99,190,2,3,4,9,Potential Loyalists
589,2026-07-11,7,106238.37,25,5,5,4,14,Champions
590,2026-04-12,3,21092.94,115,3,1,1,5,Lost Customers
591,2026-05-08,7,158582.1,89,3,5,5,13,Champions
592,2026-07-22,7,154038.25,14,5,5,5,15,Champions
593,2026-04-25,3,60096.81,102,3,1,2,6,At Risk
594,2025-12-27,7,222503.11000000002,221,2,5,5,12,Loyal Customers
595,2026-07-03,6,119233.22,33,4,4,4,12,Loyal Customers
596,2026-01-18,2,73309.53,199,2,1,2,5,Lost Customers
597,2026-02-07,4,40932.7,179,2,2,1,5,Lost Customers
598,2026-01-22,2,48189.42,195,2,1,2,5,Lost Customers
599,2026-08-05,7,168422.98,0,5,5,5,15,Champions
600,2025-12-17,5,47614.72,231,2,3,1,6,At Risk
601,2026-03-23,5,91259.98000000001,135,2,3,3,8,Potential Loyalists
602,2025-11-01,6,142503.83,277,1,4,5,10,Loyal Customers
603,2026-03-28,3,90609.8,130,3,1,3,7,At Risk
604,2026-07-15,4,38374.93,21,5,2,1,8,Potential Loyalists
605,2025-02-17,4,74769.93,534,1,2,2,5,Lost Customers
606,2026-06-04,8,84520.83,62,4,5,3,12,Loyal Customers
607,2026-06-19,3,19559.140000000003,47,4,1,1,6,At Risk
608,2026-05-11,4,36317.34,86,3,2,1,6,At Risk
609,2024-11-20,1,41688.28,623,1,1,1,3,Lost Customers
610,2026-04-30,3,36021.62,97,3,1,1,5,Lost Customers
611,2026-04-27,2,40653.58,100,3,1,1,5,Lost Customers
612,2026-04-03,5,86533.16,124,3,3,3,9,Potential Loyalists
613,2026-06-11,6,120585.48999999999,55,4,4,4,12,Loyal Customers
614,2026-07-22,8,134235.48,14,5,5,4,14,Champions
615,2026-06-23,5,70387.13,43,4,3,2,9,Potential Loyalists
616,2026-05-17,3,65150.22,80,3,1,2,6,At Risk
617,2026-07-30,5,96274.35,6,5,3,3,11,Loyal Customers
618,2026-03-09,1,2249.03,149,2,1,1,4,Lost Customers
619,2026-04-19,9,187700.49,108,3,5,5,13,Champions
620,2026-07-30,3,62192.52,6,5,1,2,8,Potential Loyalists
621,2026-01-29,4,99136.78,188,2,2,3,7,At Risk
622,2026-07-23,9,206252.89,13,5,5,5,15,Champions
623,2026-03-18,3,45318.0,140,2,1,1,4,Lost Customers
624,2026-07-14,5,79956.34,22,5,3,3,11,Loyal Customers
625,2026-03-29,5,106296.13,129,3,3,4,10,Loyal Customers
626,2026-07-16,7,130154.06,20,5,5,4,14,Champions
627,2025-10-30,2,57600.03,279,1,1,2,4,Lost Customers
628,2026-05-07,4,47132.85,90,3,2,1,6,At Risk
629,2026-07-04,4,108313.08,32,5,2,4,11,Loyal Customers
630,2024-10-03,1,49984.11,671,1,1,2,4,Lost Customers
631,2026-05-01,8,103258.63,96,3,5,4,12,Loyal Customers
632,2026-07-10,7,102022.63,26,5,5,4,14,Champions
633,2025-06-28,3,75233.62,403,1,2,3,6,At Risk
634,2025-02-13,4,32273.46,538,1,2,1,4,Lost Customers
635,2026-07-03,3,83095.02,33,4,2,3,9,Potential Loyalists
636,2026-06-20,4,69776.42,46,4,2,2,8,Potential Loyalists
637,2026-07-25,5,90133.4,11,5,3,3,11,Loyal Customers
638,2026-06-07,5,113853.44,59,4,3,4,11,Loyal Customers
639,2026-03-30,6,81793.84,128,3,4,3,10,Loyal Customers
640,2026-06-23,4,54881.85,43,4,2,2,8,Potential Loyalists
641,2026-06-21,4,111458.04000000001,45,4,2,4,10,Loyal Customers
642,2026-07-26,8,148745.76,10,5,5,5,15,Champions
643,2026-05-31,5,60094.61,66,4,3,2,9,Potential Loyalists
644,2025-09-09,3,58142.16,330,1,2,2,5,Lost Customers
645,2026-07-07,4,78547.84,29,5,2,3,10,Loyal Customers
646,2026-06-29,6,159325.57,37,4,4,5,13,Champions
647,2025-01-13,4,125155.28,569,1,2,4,7,At Risk
648,2026-02-13,3,85005.31,173,2,2,3,7,At Risk
649,2026-01-14,3,23508.760000000002,203,2,2,1,5,Lost Customers
650,2026-03-05,4,87322.98,153,2,2,3,7,At Risk
651,2025-11-18,5,85273.64,260,1,3,3,7,At Risk
652,2025-12-15,2,40415.12,233,1,1,1,3,Lost Customers
653,2025-12-01,3,13750.94,247,1,2,1,4,Lost Customers
654,2025-11-19,3,12073.58,259,1,2,1,4,Lost Customers
655,2026-02-16,5,143006.38999999998,170,2,3,5,10,Loyal Customers
656,2026-06-07,7,112554.45,59,4,5,4,13,Champions
657,2026-03-21,5,81133.1,137,2,3,3,8,Potential Loyalists
658,2026-02-09,6,101074.04000000001,177,2,4,4,10,Loyal Customers
659,2025-08-09,5,96185.33,361,1,3,3,7,At Risk
660,2026-07-26,8,127916.37,10,5,5,4,14,Champions
661,2026-05-01,6,122512.78,96,3,4,4,11,Loyal Customers
662,2026-04-30,6,125495.28,97,3,4,4,11,Loyal Customers
663,2026-03-25,9,117648.08,133,3,5,4,12,Loyal Customers
664,2026-07-23,8,155934.85,13,5,5,5,15,Champions
665,2026-03-28,4,37752.99,130,3,2,1,6,At Risk
666,2026-05-15,3,48834.729999999996,82,3,2,2,7,At Risk
667,2026-04-19,6,139860.48,108,3,4,5,12,Loyal Customers
668,2026-08-03,4,85202.92,2,5,2,3,10,Loyal Customers
669,2025-10-23,2,14270.17,286,1,1,1,3,Lost Customers
670,2026-04-14,3,89703.05,113,3,2,3,8,Potential Loyalists
671,2026-05-04,3,42307.270000000004,93,3,2,1,6,At Risk
672,2025-12-19,8,83177.22,229,2,5,3,10,Loyal Customers
673,2025-08-26,3,41681.630000000005,344,1,2,1,4,Lost Customers
674,2026-07-28,7,131008.48999999999,8,5,5,4,14,Champions
675,2026-02-06,4,75062.62,180,2,2,3,7,At Risk
676,2026-06-29,6,112331.67,37,4,4,4,12,Loyal Customers
677,2026-07-31,3,72344.45,5,5,2,2,9,Potential Loyalists
678,2026-06-09,5,144543.33,57,4,3,5,12,Loyal Customers
679,2025-09-11,1,21882.56,328,1,1,1,3,Lost Customers
680,2025-09-24,4,49040.45,315,1,2,2,5,Lost Customers
681,2026-03-26,2,46439.92,132,3,1,1,5,Lost Customers
682,2026-02-10,1,9955.49,176,2,1,1,4,Lost Customers
683,2026-07-26,5,85846.95999999999,10,5,3,3,11,Loyal Customers
684,2026-04-16,6,122962.58,111,3,4,4,11,Loyal Customers
685,2026-07-26,6,92415.97,10,5,4,3,12,Loyal Customers
686,2026-03-09,3,45990.5,149,2,2,1,5,Lost Customers
687,2026-04-01,8,189865.53,126,3,5,5,13,Champions
688,2026-01-03,4,19094.02,214,2,2,1,5,Lost Customers
689,2026-02-24,6,114920.8,162,2,4,4,10,Loyal Customers
690,2026-05-18,5,82370.33,79,3,3,3,9,Potential Loyalists
691,2024-12-19,2,57925.05,594,1,1,2,4,Lost Customers
692,2026-03-27,6,141339.71,131,3,4,5,12,Loyal Customers
693,2026-05-04,5,56181.07,93,3,3,2,8,Potential Loyalists
694,2026-03-27,4,73085.86,131,3,2,2,7,At Risk
695,2026-06-03,7,92727.24,63,4,5,3,12,Loyal Customers
696,2025-11-30,1,31488.89,248,1,1,1,3,Lost Customers
697,2026-05-30,6,168673.28999999998,67,4,4,5,13,Champions
698,2026-07-23,6,106421.03,13,5,4,4,13,Champions
699,2026-05-02,10,183433.02,95,3,5,5,13,Champions
700,2025-05-19,2,33718.88,443,1,1,1,3,Lost Customers
701,2026-05-20,5,93323.57,77,4,3,3,10,Loyal Customers
702,2026-04-01,5,76614.68,126,3,3,3,9,Potential Loyalists
703,2025-12-05,4,51494.57,243,1,2,2,5,Lost Customers
704,2025-10-23,7,108292.22,286,1,5,4,10,Loyal Customers
705,2025-12-24,3,44565.25,224,2,2,1,5,Lost Customers
706,2026-02-12,4,84088.29000000001,174,2,2,3,7,At Risk
707,2026-01-30,8,162089.66,187,2,5,5,12,Loyal Customers
708,2026-04-20,4,80682.08,107,3,2,3,8,Potential Loyalists
709,2025-11-14,4,59933.79,264,1,2,2,5,Lost Customers
710,2026-05-31,5,115234.1,66,4,3,4,11,Loyal Customers
711,2026-07-26,6,129703.96,10,5,4,4,13,Champions
712,2026-04-15,5,106526.43000000001,112,3,3,4,10,Loyal Customers
713,2026-01-07,7,131560.4,210,2,5,4,11,Loyal Customers
714,2026-06-24,6,70318.62,42,4,4,2,10,Loyal Customers
715,2025-07-11,2,14883.23,390,1,1,1,3,Lost Customers
716,2026-05-23,4,44887.93,74,4,2,1,7,At Risk
717,2026-05-30,1,18005.51,67,4,1,1,6,At Risk
718,2026-07-17,9,163703.39,19,5,5,5,15,Champions
719,2026-05-18,6,155338.99,79,3,4,5,12,Loyal Customers
720,2025-08-02,1,8078.97,368,1,1,1,3,Lost Customers
721,2026-05-22,4,84253.42,75,4,2,3,9,Potential Loyalists
722,2026-03-09,10,249241.12,149,2,5,5,12,Loyal Customers
723,2026-04-06,7,115359.48,121,3,5,4,12,Loyal Customers
724,2026-05-17,7,135289.11,80,3,5,5,13,Champions
725,2026-07-24,4,46512.130000000005,12,5,2,1,8,Potential Loyalists
726,2026-06-23,5,121755.32,43,4,3,4,11,Loyal Customers
727,2026-07-05,8,132735.48,31,5,5,4,14,Champions
729,2025-01-24,4,69249.66,558,1,2,2,5,Lost Customers
730,2025-09-07,2,33151.68,332,1,1,1,3,Lost Customers
731,2026-06-08,6,112584.11,58,4,4,4,12,Loyal Customers
732,2026-07-06,1,5180.28,30,5,1,1,7,At Risk
733,2026-06-04,5,127184.4,62,4,3,4,11,Loyal Customers
734,2025-09-11,3,38799.39,328,1,2,1,4,Lost Customers
735,2026-07-03,10,172745.89,33,4,5,5,14,Champions
736,2026-07-31,3,71639.68,5,5,2,2,9,Potential Loyalists
737,2025-12-17,1,27178.9,231,2,1,1,4,Lost Customers
738,2026-06-30,5,45600.6,36,4,3,1,8,Potential Loyalists
739,2026-06-16,2,83050.12,50,4,1,3,8,Potential Loyalists
740,2026-06-18,4,56681.36,48,4,2,2,8,Potential Loyalists
741,2026-06-28,7,130806.83,38,4,5,4,13,Champions
742,2025-06-05,4,79677.95,426,1,2,3,6,At Risk
743,2026-05-18,7,156506.02000000002,79,3,5,5,13,Champions
744,2026-06-02,5,107502.94,64,4,3,4,11,Loyal Customers
745,2025-12-26,5,101830.31,222,2,3,4,9,Potential Loyalists
746,2026-05-15,6,174519.47,82,3,4,5,12,Loyal Customers
747,2026-07-08,6,83747.62,28,5,4,3,12,Loyal Customers
748,2026-07-09,5,125291.84,27,5,3,4,12,Loyal Customers
749,2026-05-05,6,113742.11,92,3,4,4,11,Loyal Customers
750,2025-09-16,3,29573.29,323,1,2,1,4,Lost Customers
751,2026-06-08,12,175476.48,58,4,5,5,14,Champions
752,2025-01-24,4,78643.87,558,1,2,3,6,At Risk
753,2026-04-17,5,92250.79,110,3,3,3,9,Potential Loyalists
754,2026-04-27,3,24066.67,100,3,2,1,6,At Risk
755,2025-12-14,4,90786.38,234,1,2,3,6,At Risk
756,2025-10-03,5,137164.5,306,1,3,5,9,Potential Loyalists
757,2026-06-06,9,142899.81,60,4,5,5,14,Champions
758,2026-07-30,8,153281.21,6,5,5,5,15,Champions
759,2026-03-19,6,92236.84,139,2,4,3,9,Potential Loyalists
760,2026-04-20,10,203910.68,107,3,5,5,13,Champions
761,2026-04-24,7,149162.03,103,3,5,5,13,Champions
762,2026-03-18,4,32127.4,140,2,2,1,5,Lost Customers
763,2026-07-18,6,93710.29000000001,18,5,4,3,12,Loyal Customers
764,2025-11-01,3,50584.3,277,1,2,2,5,Lost Customers
765,2026-03-02,5,131156.75,156,2,3,4,9,Potential Loyalists
766,2026-07-16,4,90054.55,20,5,2,3,10,Loyal Customers
767,2026-06-22,6,158173.78,44,4,4,5,13,Champions
768,2026-06-03,5,129510.82,63,4,3,4,11,Loyal Customers
769,2026-04-14,4,40966.11,113,3,2,1,6,At Risk
770,2026-05-19,5,47929.329999999994,78,3,3,2,8,Potential Loyalists
771,2026-05-12,7,140844.27,85,3,5,5,13,Champions
772,2026-08-05,5,102348.51999999999,0,5,3,4,12,Loyal Customers
773,2026-06-15,7,127581.63,51,4,5,4,13,Champions
774,2026-04-22,4,56052.31,105,3,2,2,7,At Risk
775,2026-07-14,8,138716.72,22,5,5,5,15,Champions
776,2026-04-30,5,68988.3,97,3,3,2,8,Potential Loyalists
777,2026-04-28,5,86698.49,99,3,3,3,9,Potential Loyalists
778,2025-09-22,7,159133.44,317,1,5,5,11,Loyal Customers
779,2026-08-01,6,136693.76,4,5,4,5,14,Champions
780,2025-12-25,4,107743.42,223,2,2,4,8,Potential Loyalists
781,2026-01-11,3,14948.18,206,2,2,1,5,Lost Customers
782,2026-07-24,7,172551.07,12,5,5,5,15,Champions
783,2025-12-27,4,105007.57,221,2,2,4,8,Potential Loyalists
784,2026-05-21,5,60002.19,76,4,3,2,9,Potential Loyalists
785,2025-12-21,4,42363.72,227,2,2,1,5,Lost Customers
786,2026-01-14,3,74404.62,203,2,2,2,6,At Risk
787,2026-05-05,2,13661.710000000001,92,3,1,1,5,Lost Customers
788,2026-07-06,6,63560.33,30,5,4,2,11,Loyal Customers
789,2026-05-20,8,184915.97,77,4,5,5,14,Champions
790,2026-03-06,7,178602.02,152,2,5,5,12,Loyal Customers
791,2026-06-06,4,31240.86,60,4,2,1,7,At Risk
792,2025-11-22,2,8426.38,256,1,1,1,3,Lost Customers
793,2025-10-30,1,37052.94,279,1,1,1,3,Lost Customers
794,2026-06-21,2,50617.74,45,4,1,2,7,At Risk
795,2025-12-04,4,114772.6,244,1,2,4,7,At Risk
796,2026-06-22,6,94949.88,44,4,4,3,11,Loyal Customers
797,2025-08-23,2,24670.089999999997,347,1,1,1,3,Lost Customers
798,2026-07-13,6,91972.9,23,5,4,3,12,Loyal Customers
799,2026-03-18,6,98909.64,140,2,4,3,9,Potential Loyalists
800,2026-07-19,11,208151.02000000002,17,5,5,5,15,Champions
801,2026-06-24,6,89797.17,42,4,4,3,11,Loyal Customers
802,2025-07-12,3,28770.75,389,1,2,1,4,Lost Customers
803,2025-04-13,2,19644.33,479,1,1,1,3,Lost Customers
804,2026-07-04,4,52157.73,32,5,2,2,9,Potential Loyalists
805,2026-06-07,5,73731.57,59,4,3,2,9,Potential Loyalists
806,2026-06-05,6,137279.4,61,4,4,5,13,Champions
807,2026-07-27,4,93507.38,9,5,3,3,11,Loyal Customers
808,2026-07-26,8,103937.84,10,5,5,4,14,Champions
809,2026-05-02,2,15587.91,95,3,1,1,5,Lost Customers
810,2025-09-26,5,65765.28,313,1,3,2,6,At Risk
811,2026-05-20,3,34111.28,77,4,2,1,7,At Risk
812,2026-06-26,5,74005.86,40,4,3,2,9,Potential Loyalists
813,2026-03-25,9,152798.16999999998,133,3,5,5,13,Champions
814,2026-06-15,7,92672.31,51,4,5,3,12,Loyal Customers
815,2025-09-26,3,34772.61,313,1,2,1,4,Lost Customers
816,2026-07-13,5,113955.17,23,5,3,4,12,Loyal Customers
817,2026-04-24,3,90601.38,103,3,2,3,8,Potential Loyalists
818,2026-04-14,4,92042.28,113,3,3,3,9,Potential Loyalists
819,2026-07-13,7,164789.5,23,5,5,5,15,Champions
820,2025-12-13,4,58988.14,235,1,3,2,6,At Risk
821,2026-03-03,8,131769.96,155,2,5,4,11,Loyal Customers
822,2025-08-04,5,118337.89,366,1,3,4,8,Potential Loyalists
823,2026-04-20,6,110608.33,107,3,4,4,11,Loyal Customers
824,2026-03-29,7,104101.83,129,3,5,4,12,Loyal Customers
825,2026-06-13,4,50789.36,53,4,3,2,9,Potential Loyalists
826,2026-07-10,2,59181.96,26,5,1,2,8,Potential Loyalists
827,2026-07-14,8,159776.71,22,5,5,5,15,Champions
828,2026-05-04,4,49396.49,93,3,3,2,8,Potential Loyalists
829,2026-03-09,8,139220.75,149,2,5,5,12,Loyal Customers
830,2026-05-06,5,102375.47,91,3,3,4,10,Loyal Customers
831,2026-06-20,6,142116.8,46,4,4,5,13,Champions
832,2026-06-05,5,73167.25,61,4,3,2,9,Potential Loyalists
833,2026-05-27,7,91985.81,70,4,5,3,12,Loyal Customers
834,2025-08-10,4,80234.52,360,1,3,3,7,At Risk
835,2026-06-21,6,87011.26999999999,45,4,4,3,11,Loyal Customers
836,2026-07-18,2,38297.34,18,5,1,1,7,At Risk
837,2025-01-04,2,55496.53,578,1,1,2,4,Lost Customers
838,2025-08-22,3,37320.68,348,1,2,1,4,Lost Customers
839,2026-04-27,3,53947.71,100,3,2,2,7,At Risk
840,2026-05-19,2,37879.6,78,3,1,1,5,Lost Customers
841,2026-06-16,7,161553.46,50,4,5,5,14,Champions
842,2026-07-05,4,87493.83,31,5,3,3,11,Loyal Customers
843,2025-12-14,4,99725.76,234,1,3,3,7,At Risk
844,2026-07-17,11,267445.08,19,5,5,5,15,Champions
845,2026-03-23,4,48117.52,135,2,3,2,7,At Risk
846,2025-12-17,2,25750.050000000003,231,2,1,1,4,Lost Customers
847,2026-08-01,4,49409.93,4,5,3,2,10,Loyal Customers
848,2026-06-22,7,174945.69,44,4,5,5,14,Champions
849,2026-07-06,4,74235.92,30,5,3,2,10,Loyal Customers
850,2026-02-03,8,127823.35,183,2,5,4,11,Loyal Customers
851,2026-06-30,6,114475.86,36,4,4,4,12,Loyal Customers
852,2025-12-16,4,95863.08,232,1,3,3,7,At Risk
853,2025-08-30,5,88609.09,340,1,3,3,7,At Risk
854,2026-04-20,5,103762.51,107,3,3,4,10,Loyal Customers
855,2026-03-22,8,70739.12,136,2,5,2,9,Potential Loyalists
856,2025-06-22,4,65362.799999999996,409,1,3,2,6,At Risk
857,2026-07-29,5,35425.2,7,5,3,1,9,Potential Loyalists
858,2026-02-14,9,175962.29,172,2,5,5,12,Loyal Customers
859,2025-11-21,3,30101.43,257,1,2,1,4,Lost Customers
860,2026-05-27,8,164964.26,70,4,5,5,14,Champions
861,2026-03-13,4,95937.66,145,2,3,3,8,Potential Loyalists
862,2026-02-04,5,62147.39,182,2,3,2,7,At Risk
863,2026-03-22,3,52338.42,136,2,2,2,6,At Risk
864,2026-06-15,3,74425.91,51,4,2,2,8,Potential Loyalists
865,2026-02-25,5,85982.64,161,2,3,3,8,Potential Loyalists
866,2026-06-30,4,110355.06,36,4,3,4,11,Loyal Customers
867,2025-11-08,3,91941.75,270,1,2,3,6,At Risk
868,2026-05-09,6,105397.59,88,3,4,4,11,Loyal Customers
869,2026-06-26,4,53943.92,40,4,3,2,9,Potential Loyalists
870,2026-01-17,4,63619.55,200,2,3,2,7,At Risk
871,2025-09-28,5,113409.42,311,1,3,4,8,Potential Loyalists
872,2026-06-22,9,178118.55,44,4,5,5,14,Champions
873,2025-12-31,4,80700.66,217,2,3,3,8,Potential Loyalists
874,2026-05-25,8,185013.5,72,4,5,5,14,Champions
875,2025-11-15,4,82677.57,263,1,3,3,7,At Risk
876,2026-05-15,6,65146.630000000005,82,3,4,2,9,Potential Loyalists
877,2026-07-24,7,128317.08,12,5,5,4,14,Champions
878,2026-07-26,8,134495.45,10,5,5,4,14,Champions
879,2026-05-25,3,18603.32,72,4,2,1,7,At Risk
880,2025-09-24,3,66684.45999999999,315,1,2,2,5,Lost Customers
881,2026-05-08,8,114487.37,89,3,5,4,12,Loyal Customers
882,2026-05-24,4,110944.17,73,4,3,4,11,Loyal Customers
883,2025-07-20,7,169009.53,381,1,5,5,11,Loyal Customers
884,2026-04-04,3,77053.86,123,3,2,3,8,Potential Loyalists
885,2026-07-30,5,116316.07,6,5,3,4,12,Loyal Customers
886,2025-12-26,2,22929.13,222,2,1,1,4,Lost Customers
887,2025-12-13,2,27543.44,235,1,1,1,3,Lost Customers
888,2026-07-26,8,185628.34,10,5,5,5,15,Champions
889,2025-12-24,5,92291.26000000001,224,2,3,3,8,Potential Loyalists
890,2026-06-04,7,123163.72,62,4,5,4,13,Champions
891,2025-06-15,7,95791.51000000001,416,1,5,3,9,Potential Loyalists
892,2026-07-17,5,98703.76,19,5,3,3,11,Loyal Customers
893,2026-05-30,5,92398.34,67,4,3,3,10,Loyal Customers
894,2025-10-14,5,136043.14,295,1,3,5,9,Potential Loyalists
895,2026-05-19,6,117561.23999999999,78,3,4,4,11,Loyal Customers
896,2026-03-17,5,102797.16,141,2,3,4,9,Potential Loyalists
897,2026-05-10,4,26315.83,87,3,3,1,7,At Risk
898,2025-11-06,4,98668.09999999999,272,1,3,3,7,At Risk
899,2025-08-11,3,30901.289999999997,359,1,2,1,4,Lost Customers
900,2025-04-10,3,43219.979999999996,482,1,2,1,4,Lost Customers
901,2026-07-10,2,15414.74,26,5,1,1,7,At Risk
902,2026-01-24,8,136151.04,193,2,5,5,12,Loyal Customers
903,2026-04-15,4,64017.87,112,3,3,2,8,Potential Loyalists
904,2026-08-04,6,80542.12,1,5,4,3,12,Loyal Customers
905,2026-04-02,8,186781.87,125,3,5,5,13,Champions
906,2026-05-27,4,67577.12,70,4,3,2,9,Potential Loyalists
907,2025-09-11,3,67996.56,328,1,2,2,5,Lost Customers
908,2026-02-04,3,52999.85,182,2,2,2,6,At Risk
909,2025-11-28,5,93337.69,250,1,3,3,7,At Risk
910,2026-02-08,2,40463.69,178,2,1,1,4,Lost Customers
911,2026-04-20,11,238612.59,107,3,5,5,13,Champions
912,2026-05-16,5,86510.01000000001,81,3,3,3,9,Potential Loyalists
913,2026-06-30,4,65056.36,36,4,3,2,9,Potential Loyalists
914,2026-02-11,3,94273.2,175,2,2,3,7,At Risk
915,2026-06-11,7,177956.11000000002,55,4,5,5,14,Champions
916,2026-07-10,7,146526.65,26,5,5,5,15,Champions
917,2025-12-30,3,77515.62,218,2,2,3,7,At Risk
918,2026-04-04,1,11906.580000000002,123,3,1,1,5,Lost Customers
919,2026-04-11,12,195165.81,116,3,5,5,13,Champions
920,2026-07-21,5,62948.04,15,5,3,2,10,Loyal Customers
921,2026-07-27,7,91183.47,9,5,5,3,13,Champions
922,2026-07-21,6,122118.31,15,5,4,4,13,Champions
923,2024-12-15,3,32465.790000000005,598,1,2,1,4,Lost Customers
924,2025-08-06,3,27063.75,364,1,2,1,4,Lost Customers
925,2026-07-18,4,86985.39,18,5,3,3,11,Loyal Customers
926,2026-07-24,4,144556.56,12,5,3,5,13,Champions
927,2026-04-27,5,113664.11,100,3,3,4,10,Loyal Customers
928,2024-10-24,1,30513.289999999997,650,1,1,1,3,Lost Customers
929,2025-07-16,5,109491.8,385,1,3,4,8,Potential Loyalists
930,2026-06-24,6,78560.5,42,4,4,3,11,Loyal Customers
931,2026-07-01,3,103369.98000000001,35,4,2,4,10,Loyal Customers
932,2025-08-25,2,58230.700000000004,345,1,1,2,4,Lost Customers
933,2026-03-13,7,128341.28,145,2,5,4,11,Loyal Customers
934,2026-06-26,7,212531.88999999998,40,4,5,5,14,Champions
935,2025-08-11,3,32816.99,359,1,2,1,4,Lost Customers
936,2025-03-12,3,93245.37,511,1,2,3,6,At Risk
937,2026-07-29,6,84204.2,7,5,4,3,12,Loyal Customers
938,2026-07-07,4,50403.229999999996,29,5,3,2,10,Loyal Customers
939,2026-03-18,6,70583.66,140,2,4,2,8,Potential Loyalists
940,2026-05-23,3,63820.520000000004,74,4,2,2,8,Potential Loyalists
941,2026-04-25,3,63953.69,102,3,2,2,7,At Risk
942,2026-03-04,2,16402.83,154,2,1,1,4,Lost Customers
943,2026-05-29,6,116788.15,68,4,4,4,12,Loyal Customers
944,2025-07-05,2,63957.72,396,1,1,2,4,Lost Customers
945,2026-07-25,7,195775.41999999998,11,5,5,5,15,Champions
946,2026-06-13,3,52077.92,53,4,2,2,8,Potential Loyalists
947,2026-02-03,6,80689.33,183,2,4,3,9,Potential Loyalists
948,2026-01-30,2,35898.53,187,2,1,1,4,Lost Customers
949,2025-12-08,5,94085.58,240,1,3,3,7,At Risk
950,2025-12-01,4,121741.9,247,1,3,4,8,Potential Loyalists
951,2026-06-20,7,107489.18,46,4,5,4,13,Champions
952,2025-08-06,3,58514.979999999996,364,1,2,2,5,Lost Customers
953,2025-11-10,3,38271.53,268,1,2,1,4,Lost Customers
954,2026-06-13,7,92118.1,53,4,5,3,12,Loyal Customers
955,2026-05-30,5,91109.19,67,4,3,3,10,Loyal Customers
956,2026-05-16,3,69726.0,81,3,2,2,7,At Risk
957,2026-06-20,6,108307.78,46,4,4,4,12,Loyal Customers
958,2026-04-18,5,132874.79,109,3,4,4,11,Loyal Customers
959,2026-01-25,5,139892.43,192,2,4,5,11,Loyal Customers
960,2026-05-06,5,95344.2,91,3,4,3,10,Loyal Customers
961,2026-07-27,2,52265.130000000005,9,5,1,2,8,Potential Loyalists
962,2025-10-19,6,73530.35,290,1,4,2,7,At Risk
963,2026-08-01,5,64620.25,4,5,4,2,11,Loyal Customers
964,2026-01-17,2,59564.46,200,2,1,2,5,Lost Customers
965,2025-01-08,2,28371.58,574,1,1,1,3,Lost Customers
966,2026-05-13,8,143008.09,84,3,5,5,13,Champions
967,2025-07-08,2,12268.69,393,1,1,1,3,Lost Customers
968,2026-06-23,6,85457.59,43,4,4,3,11,Loyal Customers
969,2026-06-01,5,81149.1,65,4,4,3,11,Loyal Customers
970,2025-10-12,4,49312.71,297,1,3,2,6,At Risk
971,2026-06-06,4,120255.07,60,4,3,4,11,Loyal Customers
972,2026-06-20,3,84453.66,46,4,2,3,9,Potential Loyalists
973,2025-01-28,1,29503.390000000003,554,1,1,1,3,Lost Customers
974,2026-07-11,7,139599.81,25,5,5,5,15,Champions
975,2026-02-12,7,122083.72,174,2,5,4,11,Loyal Customers
976,2026-06-16,4,98575.53,50,4,3,3,10,Loyal Customers
977,2026-01-13,2,45027.54,204,2,1,1,4,Lost Customers
978,2026-07-11,5,105291.64,25,5,4,4,13,Champions
979,2026-06-06,6,151045.63999999998,60,4,4,5,13,Champions
980,2026-06-29,7,101576.58,37,4,5,4,13,Champions
981,2025-10-27,4,34067.86,282,1,3,1,5,Lost Customers
982,2026-06-18,5,64530.57,48,4,4,2,10,Loyal Customers
983,2026-05-15,7,196633.56,82,3,5,5,13,Champions
984,2026-07-05,5,55431.73,31,5,4,2,11,Loyal Customers
985,2026-06-11,5,53934.98,55,4,4,2,10,Loyal Customers
986,2026-01-04,4,85402.31999999999,213,2,3,3,8,Potential Loyalists
987,2026-07-28,4,78634.61,8,5,3,3,11,Loyal Customers
988,2026-05-19,8,175993.32,78,3,5,5,13,Champions
989,2026-04-01,2,40406.92,126,3,1,1,5,Lost Customers
990,2025-06-05,1,25515.55,426,1,1,1,3,Lost Customers
991,2026-03-17,4,84734.16,141,2,3,3,8,Potential Loyalists
992,2026-06-23,4,45528.12,43,4,3,1,8,Potential Loyalists
993,2025-12-01,10,154719.24,247,1,5,5,11,Loyal Customers
994,2026-02-23,8,141017.41,163,2,5,5,12,Loyal Customers
995,2026-07-16,2,26975.83,20,5,1,1,7,At Risk
996,2026-07-08,7,83609.07,28,5,5,3,13,Champions
997,2026-06-26,9,174862.95,40,4,5,5,14,Champions
998,2026-03-23,6,152550.47,135,2,4,5,11,Loyal Customers
999,2026-08-02,5,82953.78,3,5,4,3,12,Loyal Customers
1000,2026-05-30,7,119552.36,67,4,5,4,13,Champions
