customer_id,first_name,last_name,gender,age,city,state,country,join_date
1,Vrishti,Sibal,Male,19,Jehanabad,Tamil Nadu,India,2025-11-11
2,Nikita,Sarma,Female,33,Panvel,Tamil Nadu,India,2022-10-31
3,Girik,Chahal,Male,26,Nagpur,Kerala,India,2024-06-06
4,Urvashi,Lall,Male,61,Gandhinagar,Andhra Pradesh,India,2024-12-08
5,Nitesh,Bakshi,Male,55,Kavali,Madhya Pradesh,India,2024-05-23
6,Gavin,Ramanathan,Female,20,Nanded,Mizoram,India,2025-07-14
7,Matthew,Agate,Male,23,Kurnool,West Bengal,India,2024-03-24
8,Tripti,Dara,Male,32,Fatehpur,Haryana,India,2025-10-25
9,Orinder,Prashad,Male,53,Bhalswa Jahangir Pur,Nagaland,India,2026-05-22
10,Nidra,Kulkarni,Male,63,Chandigarh,Bihar,India,2022-12-18
11,Hamsini,Wable,Female,32,Nanded,Madhya Pradesh,India,2023-05-30
12,Nakul,Kohli,Female,55,Munger,Himachal Pradesh,India,2023-06-24
13,Dalbir,Ratta,Female,18,Pune,Rajasthan,India,2024-02-22
14,Gavin,Gopal,Male,62,Ichalkaranji,Jharkhand,India,2022-09-07
15,Dhriti,Shetty,Female,39,Agra,Manipur,India,2025-12-08
16,Jhalak,Mandal,Female,27,Guwahati,Chhattisgarh,India,2023-05-14
17,Mason,Gera,Male,39,Bhalswa Jahangir Pur,Tripura,India,2025-09-14
18,Jagat,Reddy,Male,23,Tadipatri,Meghalaya,India,2024-11-09
19,Mahika,Bhagat,Female,24,Haridwar,Nagaland,India,2024-03-02
20,Udant,Pillai,Female,40,Kollam,Gujarat,India,2024-03-16
21,Jhalak,Yogi,Female,20,Munger,Nagaland,India,2026-05-21
22,Yatan,Sagar,Female,52,Durg,Maharashtra,India,2024-09-23
23,Qarin,Hans,Male,42,Vijayawada,Odisha,India,2023-12-30
24,Yug,Agate,Male,53,Burhanpur,Assam,India,2025-05-02
25,Dayita,Nair,Female,58,Proddatur,Odisha,India,2025-03-25
26,Udant,De,Female,54,Udupi,Andhra Pradesh,India,2024-01-17
27,Charles,Rai,Male,63,Fatehpur,Assam,India,2025-02-19
28,Vasatika,Sarin,Male,20,Berhampur,Bihar,India,2026-07-09
29,Watika,Amble,Male,36,Bhavnagar,Nagaland,India,2023-10-20
30,Vyanjana,Deep,Male,32,Varanasi,Karnataka,India,2024-08-27
31,Imaran,Vora,Male,42,Kota,Sikkim,India,2026-01-25
32,Unnati,Boase,Female,47,Raebareli,Uttar Pradesh,India,2023-12-11
33,Aishani,Sandal,Female,28,Jalna,Maharashtra,India,2023-09-29
34,Hritik,Rastogi,Female,40,Dhanbad,Gujarat,India,2023-04-25
35,Ubika,Dugal,Male,60,Guwahati,Maharashtra,India,2023-01-19
36,Vasudha,Kulkarni,Female,62,Coimbatore,Tripura,India,2024-06-15
37,Aarna,Sathe,Male,56,Aizawl,Uttar Pradesh,India,2026-05-21
38,Girik,Ranganathan,Male,52,Kollam,Tamil Nadu,India,2024-01-19
39,Rehaan,Sama,Male,28,Raurkela Industrial Township,Chhattisgarh,India,2022-10-27
40,Lohit,Chhabra,Female,42,North Dumdum,Meghalaya,India,2023-07-01
41,Mitali,Lall,Female,58,Kurnool,Tripura,India,2025-07-26
42,Tripti,Sane,Male,61,Khora ,Arunachal Pradesh,India,2024-09-10
43,Harish,Prabhakar,Female,21,Darbhanga,Rajasthan,India,2026-05-31
44,Abdul,Balasubramanian,Male,20,Ulhasnagar,Andhra Pradesh,India,2023-01-03
45,Neel,Acharya,Female,43,Belgaum,Assam,India,2023-04-05
46,Tarak,Tandon,Female,22,Aurangabad,Haryana,India,2025-03-27
47,Frado,Mand,Male,54,Katihar,Haryana,India,2024-05-22
48,Luke,Kuruvilla,Female,31,Ramgarh,Goa,India,2024-12-23
49,Vansha,Barman,Female,43,Rewa,Nagaland,India,2025-11-29
50,Laksh,Chada,Female,27,Bellary,Telangana,India,2023-02-15
51,Vedhika,Prabhu,Female,26,Warangal,Himachal Pradesh,India,2023-08-30
52,Hemangini,Mann,Male,65,South Dumdum,Haryana,India,2023-09-04
53,Vasatika,Date,Female,65,Vadodara,Arunachal Pradesh,India,2025-02-16
54,Yasti,Master,Female,55,Gopalpur,Haryana,India,2023-03-25
55,Odika,Kanda,Female,41,Vasai-Virar,West Bengal,India,2022-11-02
56,Mitesh,Gupta,Male,26,Guwahati,Tripura,India,2024-06-13
57,Jagvi,Sundaram,Female,23,Jodhpur,Arunachal Pradesh,India,2025-07-11
58,William,Butala,Male,25,Ambarnath,Andhra Pradesh,India,2024-04-29
59,Jhalak,Prasad,Male,58,Gandhidham,West Bengal,India,2024-07-30
60,Farhan,Dass,Male,61,Thanjavur,Sikkim,India,2024-01-13
61,Indira,Korpal,Female,56,Amroha,Bihar,India,2026-02-19
62,Harita,Lalla,Male,42,Jalandhar,Bihar,India,2026-07-09
63,Aarav,Madan,Female,56,Narasaraopet,Arunachal Pradesh,India,2022-11-16
64,Rachana,Walla,Female,51,Raiganj,West Bengal,India,2025-01-19
65,Falguni,Doctor,Female,53,Guna,West Bengal,India,2025-11-18
66,Siddharth,Swaminathan,Male,61,Baranagar,Jharkhand,India,2023-03-08
67,Pavani,Ravel,Male,61,Bally,Meghalaya,India,2023-02-14
68,Vedant,Mitra,Female,59,Bikaner,Rajasthan,India,2025-05-25
69,Abha,Handa,Female,25,Akola,Maharashtra,India,2025-10-13
70,Rushil,Deo,Female,45,Patna,Telangana,India,2026-04-21
71,Baghyawati,Walla,Male,47,Bhusawal,Chhattisgarh,India,2026-02-11
72,Ishita,Subramaniam,Male,64,Bhimavaram,Maharashtra,India,2025-04-08
73,Ojasvi,Bora,Female,50,Hazaribagh,Kerala,India,2022-08-30
74,Abeer,Bedi,Male,50,Amaravati,Kerala,India,2023-09-26
75,Liam,Khare,Male,58,Giridih,Uttarakhand,India,2023-09-19
76,Varenya,Chand,Female,58,Mirzapur,West Bengal,India,2025-10-14
77,Harinakshi,Sunder,Male,27,Agartala,Himachal Pradesh,India,2022-11-02
78,Ayushman,Kala,Female,28,Amravati,Haryana,India,2025-08-25
79,Zarna,Thaman,Male,56,Khammam,Rajasthan,India,2024-08-05
80,Netra,Dash,Female,49,Mathura,Sikkim,India,2024-11-20
81,Balhaar,Mahajan,Male,25,Bhiwandi,Tamil Nadu,India,2024-09-08
82,Shivansh,Hegde,Female,37,Junagadh,Bihar,India,2023-12-07
83,Onveer,Bhakta,Male,21,Mehsana,Kerala,India,2025-11-27
84,Vidhi,Sharaf,Male,54,Korba,Arunachal Pradesh,India,2022-09-12
85,Ekiya,Ahuja,Male,23,Solapur,Uttarakhand,India,2023-12-05
86,Owen,Sridhar,Female,22,Karnal,Mizoram,India,2023-08-16
87,Nicholas,Bala,Male,26,Madurai,Andhra Pradesh,India,2023-12-07
88,Prisha,Kuruvilla,Female,53,Ramgarh,Himachal Pradesh,India,2025-09-10
89,Rohan,Kuruvilla,Male,34,Panvel,Tamil Nadu,India,2023-12-24
90,Daksha,Keer,Female,31,Katni,West Bengal,India,2023-05-13
91,Madhavi,Nayar,Male,63,Bhopal,Jharkhand,India,2025-05-15
92,Neelima,Upadhyay,Female,43,Arrah,Jharkhand,India,2024-11-20
93,Dalaja,Sangha,Female,46,Bidar,Nagaland,India,2025-04-11
94,Omya,Sur,Female,25,Haldia,Nagaland,India,2023-12-01
95,Chavvi,Bassi,Male,32,Aligarh,Punjab,India,2025-07-05
96,Diya,Hayer,Male,39,Durgapur,Goa,India,2025-05-30
97,Farhan,Zachariah,Male,55,Kishanganj,Tamil Nadu,India,2024-10-10
98,Eshana,Dyal,Male,55,Nanded,Gujarat,India,2024-06-09
99,Balveer,Lall,Male,18,Bathinda,Rajasthan,India,2022-11-24
100,Chakrika,Madan,Male,63,Bhopal,Meghalaya,India,2026-07-14
101,Indali,Bandi,Male,32,Amaravati,Andhra Pradesh,India,2025-05-19
102,Oviya,Saraf,Male,20,Unnao,Tripura,India,2023-09-13
103,Vasudha,Sama,Female,22,Gaya,Andhra Pradesh,India,2024-02-23
104,Yauvani,Kade,Male,35,Allahabad,Himachal Pradesh,India,2025-12-14
105,Shivansh,Mukhopadhyay,Female,31,Vijayanagaram,Andhra Pradesh,India,2026-01-29
106,Lucky,Tara,Male,64,Patna,Maharashtra,India,2022-09-24
107,Kala,Natarajan,Female,33,Faridabad,Nagaland,India,2024-02-14
108,Tanveer,Dayal,Female,44,Raebareli,Maharashtra,India,2025-04-14
109,Lavanya,Batta,Male,24,Rourkela,Odisha,India,2025-06-16
110,Lopa,Rout,Male,60,Panvel,Punjab,India,2024-02-04
111,Darika,Choudhury,Female,40,Jammu,Mizoram,India,2024-11-01
112,Bachittar,Pingle,Female,44,Tiruchirappalli,Arunachal Pradesh,India,2022-10-31
113,Harsh,Babu,Female,64,Ichalkaranji,Uttar Pradesh,India,2023-10-08
114,Vasana,Munshi,Male,61,Ranchi,Arunachal Pradesh,India,2023-06-14
115,Ansh,Guha,Male,21,Warangal,Punjab,India,2023-09-29
116,Bina,Prabhu,Female,64,Morbi,Andhra Pradesh,India,2025-09-06
117,Aarav,Deo,Female,24,Bhagalpur,Madhya Pradesh,India,2022-08-09
118,Vivaan,Deep,Male,30,Amaravati,Uttarakhand,India,2022-12-29
119,Urmi,Sarma,Male,52,Gwalior,Kerala,India,2026-03-11
120,Jason,Munshi,Female,26,Kozhikode,Haryana,India,2025-11-09
121,Yamini,Ratti,Female,29,Bidhannagar,Tamil Nadu,India,2023-06-15
122,Bachittar,Mand,Female,47,Vijayawada,Bihar,India,2025-03-20
123,Anjali,Som,Male,22,Jorhat,Mizoram,India,2025-03-31
124,Eta,Dhaliwal,Female,53,Alwar,Mizoram,India,2023-08-25
125,Dhriti,Mane,Male,21,Panvel,Assam,India,2022-08-23
126,Yash,Din,Male,23,Ludhiana,Jharkhand,India,2025-10-22
127,Sai,Edwin,Male,28,Aurangabad,Himachal Pradesh,India,2024-03-19
128,Manya,Radhakrishnan,Female,49,Pondicherry,Himachal Pradesh,India,2022-11-23
129,Rachana,Wadhwa,Female,31,Udaipur,Punjab,India,2025-11-28
130,Jason,Bhatnagar,Female,21,Danapur,Meghalaya,India,2024-03-08
131,Triveni,Chadha,Male,42,Chandrapur,Karnataka,India,2025-11-16
132,Urvashi,Kamdar,Male,42,Ozhukarai,Uttar Pradesh,India,2024-04-16
133,Ubika,Walia,Female,47,Naihati,Arunachal Pradesh,India,2023-12-20
134,Champak,Radhakrishnan,Female,45,Dharmavaram,Punjab,India,2023-04-15
135,Yashodhara,Mand,Female,27,Berhampur,Sikkim,India,2024-08-20
136,Garima,Cheema,Male,36,Bijapur,Jharkhand,India,2024-09-24
137,Xavier,Gokhale,Male,21,North Dumdum,Himachal Pradesh,India,2024-09-16
138,Nitara,Badal,Male,65,Ajmer,Gujarat,India,2023-12-18
139,Vanya,Char,Female,21,Srikakulam,Kerala,India,2026-03-27
140,Urvi,Balan,Male,55,Bhubaneswar,Haryana,India,2025-04-19
141,Lavanya,Chawla,Female,50,Dewas,West Bengal,India,2026-04-07
142,Warhi,Deol,Male,21,Unnao,Haryana,India,2025-12-31
143,Tarak,Choudhry,Male,29,Burhanpur,Himachal Pradesh,India,2024-05-22
144,Krish,Lalla,Male,56,Gopalpur,Kerala,India,2025-12-24
145,Nilima,Chaudhari,Male,61,Gandhidham,Sikkim,India,2024-02-25
146,Zinal,Bhat,Male,43,Srikakulam,Goa,India,2022-08-25
147,Aarna,Viswanathan,Male,54,Kalyan-Dombivli,Uttarakhand,India,2026-01-14
148,Vihaan,Peri,Male,55,Karimnagar,Goa,India,2025-12-02
149,Nathaniel,Arya,Male,57,Hapur,Kerala,India,2023-03-27
150,Radha,Saxena,Male,44,Pallavaram,Uttar Pradesh,India,2024-03-16
151,Mahika,Bhalla,Female,34,Orai,Manipur,India,2024-11-20
152,Chandani,Golla,Male,60,Khora ,Karnataka,India,2024-02-29
153,Tanvi,Banerjee,Female,33,Satara,Meghalaya,India,2023-02-19
154,Robert,Sandhu,Female,43,Thoothukudi,Goa,India,2023-11-01
155,Dayita,Batra,Male,60,Bhind,Telangana,India,2023-06-25
156,Lila,Narang,Female,47,Allahabad,Bihar,India,2022-12-04
157,Umang,Batra,Female,22,Vijayanagaram,Maharashtra,India,2024-10-22
158,Manya,Bobal,Male,47,Ulhasnagar,Andhra Pradesh,India,2022-11-26
159,Zayyan,Koshy,Male,22,Nellore,Uttarakhand,India,2026-07-23
160,Kalpit,Borra,Male,50,Tadepalligudem,West Bengal,India,2023-01-14
161,Ladli,Kalla,Female,26,Amravati,West Bengal,India,2025-02-06
162,Manthan,Solanki,Female,22,Moradabad,Uttarakhand,India,2022-08-17
163,Baghyawati,Chacko,Male,41,Mango,Maharashtra,India,2023-10-05
164,Jalsa,Chakraborty,Female,28,Kota,Maharashtra,India,2023-06-27
165,Krishna,Grover,Female,52,Kolhapur,Gujarat,India,2025-12-01
166,Oscar,Balan,Female,57,Ambattur,Maharashtra,India,2024-10-06
167,Maya,Sanghvi,Male,60,Katihar,Bihar,India,2023-03-27
168,Xalak,Venkataraman,Female,60,Rajkot,Meghalaya,India,2023-03-12
169,Sai,Raghavan,Male,26,Surat,Odisha,India,2026-01-16
170,Ishita,Devan,Female,25,Morena,Arunachal Pradesh,India,2025-04-10
171,Xiti,Ghose,Male,65,Maheshtala,Rajasthan,India,2024-06-03
172,Pratyush,Rajagopal,Male,35,Sri Ganganagar,Rajasthan,India,2026-07-24
173,Januja,Yadav,Female,56,Bidhannagar,Arunachal Pradesh,India,2023-09-03
174,Tanish,Gopal,Male,63,Panihati,Rajasthan,India,2024-06-01
175,Indrajit,Deshmukh,Female,31,Vijayanagaram,Goa,India,2024-03-20
176,Lavanya,Kalla,Female,50,Vijayanagaram,West Bengal,India,2024-12-17
177,Kashish,Sampath,Female,34,Bhind,Rajasthan,India,2026-03-07
178,Nidhi,Chahal,Male,23,Serampore,Odisha,India,2023-06-07
179,Forum,Viswanathan,Female,35,Shimoga,Odisha,India,2026-03-13
180,Rachita,Kapadia,Male,18,Bhopal,Himachal Pradesh,India,2024-08-24
181,Neel,Savant,Female,26,Ghaziabad,Rajasthan,India,2025-08-15
182,Prisha,Dayal,Female,28,Surat,Gujarat,India,2025-10-09
183,Kashvi,Uppal,Female,53,Patiala,Nagaland,India,2023-05-13
184,Osha,Nazareth,Female,53,Katni,Uttar Pradesh,India,2024-01-26
185,Chameli,Dugal,Male,25,Unnao,Odisha,India,2024-05-24
186,Suhani,Bhalla,Male,62,Jamalpur,Assam,India,2024-10-10
187,Ekbal,Bhat,Male,52,Nashik,Manipur,India,2026-01-09
188,Omkaar,Raghavan,Male,41,Imphal,Manipur,India,2024-10-02
189,Devansh,Varkey,Male,45,Ramgarh,Punjab,India,2025-07-30
190,Shivansh,Kibe,Male,20,Motihari,Rajasthan,India,2025-12-25
191,Oliver,Dass,Female,41,Kanpur,Rajasthan,India,2025-04-03
192,Shravya,Sandhu,Male,40,Nashik,Maharashtra,India,2023-05-18
193,Gauri,Kumar,Male,61,Aizawl,Maharashtra,India,2024-10-20
194,Abhiram,Kar,Male,60,Warangal,Manipur,India,2023-04-29
195,Tarak,Narain,Male,40,Gandhinagar,Kerala,India,2023-02-04
196,Yashvi,Vaidya,Female,57,Howrah,Andhra Pradesh,India,2023-10-22
197,Madhav,Banik,Male,33,Nagpur,Odisha,India,2023-06-10
198,Oviya,Sridhar,Male,29,Tiruppur,Karnataka,India,2024-04-18
199,Tamanna,Hegde,Female,19,Nandyal,Punjab,India,2025-02-04
200,Ati,Subramanian,Male,65,Tiruchirappalli,Rajasthan,India,2024-09-09
201,Amrita,Sankaran,Female,44,Indore,Nagaland,India,2023-11-07
202,Janya,Hegde,Male,35,Malegaon,Madhya Pradesh,India,2025-06-22
203,Suhani,Edwin,Male,62,Udaipur,Gujarat,India,2024-08-07
204,Zaitra,Shere,Male,42,Bidhannagar,Jharkhand,India,2022-11-25
205,Damyanti,Iyengar,Male,48,Shahjahanpur,Jharkhand,India,2025-10-23
206,Suhani,Mishra,Male,30,Moradabad,Manipur,India,2023-02-19
207,Warhi,Dugal,Female,40,Gulbarga,Uttar Pradesh,India,2024-12-27
208,Faraj,Sahni,Female,32,Saharsa,Tamil Nadu,India,2023-12-02
209,Thomas,Baria,Male,19,Amravati,Jharkhand,India,2025-05-29
210,Onkar,Saraf,Male,43,Munger,Assam,India,2023-02-21
211,Charles,Walia,Female,35,Ballia,Goa,India,2023-12-11
212,Arin,Radhakrishnan,Male,35,Warangal,Mizoram,India,2026-06-01
213,Yamini,Sane,Female,59,Amroha,Sikkim,India,2023-07-23
214,Lohit,Balasubramanian,Female,61,Cuttack,Haryana,India,2026-06-03
215,Peter,Raval,Female,19,Sambalpur,Assam,India,2026-06-09
216,Chasmum,Nagar,Male,34,Chapra,Arunachal Pradesh,India,2024-08-16
217,Gaurav,Patel,Male,55,Darbhanga,West Bengal,India,2025-10-17
218,Dhruv,Sastry,Female,20,Hosur,Rajasthan,India,2023-06-08
219,Chakrika,Nanda,Male,56,Aurangabad,Manipur,India,2025-06-10
220,Gautami,Palla,Female,40,Adoni,Bihar,India,2024-04-27
221,Ojasvi,Keer,Female,45,Ghaziabad,Rajasthan,India,2025-10-19
222,Andrew,Khatri,Male,42,Kozhikode,Manipur,India,2026-05-01
223,Dakshesh,Roy,Male,34,Phagwara,Andhra Pradesh,India,2022-11-12
224,Meghana,Sankar,Male,63,Sambhal,Andhra Pradesh,India,2023-12-20
225,Jyoti,Narayan,Female,18,Morbi,Punjab,India,2025-03-18
226,Gaurika,Raman,Male,41,Bhavnagar,Karnataka,India,2026-03-28
227,Abdul,Dave,Female,22,Naihati,Maharashtra,India,2025-06-06
228,Rachana,Sampath,Female,57,Silchar,Tripura,India,2025-12-14
229,Elijah,Borah,Female,60,Sri Ganganagar,Goa,India,2026-02-25
230,Kritika,Khatri,Male,64,Gudivada,Telangana,India,2026-05-25
231,Vanya,Basu,Female,50,Nandyal,Maharashtra,India,2025-05-03
232,Maanas,Gulati,Female,60,Madurai,Tripura,India,2023-09-24
233,Naksh,Rama,Female,38,Jaipur,Assam,India,2023-06-08
234,Bhavika,Singhal,Female,62,Thrissur,Tripura,India,2025-05-28
235,Imaran,Mall,Female,53,Fatehpur,Chhattisgarh,India,2026-02-22
236,Nidra,Bali,Male,30,Aurangabad,Kerala,India,2025-06-27
237,Charan,Gupta,Female,60,Dindigul,Jharkhand,India,2025-12-06
238,Guneet,Gara,Female,61,Erode,Andhra Pradesh,India,2024-03-30
239,Rajeshri,Setty,Male,57,Guntakal,Jharkhand,India,2026-02-09
240,Keya,Swaminathan,Female,43,Haridwar,Mizoram,India,2026-05-25
241,Baghyawati,Narayan,Male,37,Machilipatnam,Tamil Nadu,India,2023-03-21
242,Ishani,Lanka,Female,31,Morena,Rajasthan,India,2023-05-23
243,Oviya,Bail,Female,55,Bahraich,Karnataka,India,2025-01-02
244,Omkaar,Om,Female,47,Silchar,Chhattisgarh,India,2023-08-20
245,Ranveer,Balakrishnan,Female,46,Madurai,Punjab,India,2026-03-11
246,Harinakshi,Char,Male,50,Sikar,Chhattisgarh,India,2024-11-10
247,Vihaan,Uppal,Female,65,Salem,Telangana,India,2023-12-06
248,Yash,Nair,Male,60,Shimla,Maharashtra,India,2024-01-05
249,Baghyawati,Andra,Male,36,Nangloi Jat,Punjab,India,2025-01-31
250,Rudra,Parikh,Female,23,Shimla,Chhattisgarh,India,2023-11-05
251,Abeer,Jha,Male,61,Haldia,Himachal Pradesh,India,2025-08-04
252,Amol,Contractor,Female,32,Firozabad,Telangana,India,2026-03-07
253,Samarth,Goyal,Male,27,Hospet,Bihar,India,2026-06-04
254,Ekapad,Bajwa,Male,20,Thane,Bihar,India,2023-08-22
255,Advik,Rau,Male,48,Karaikudi,Meghalaya,India,2023-09-07
256,Yashica,Kapur,Male,47,Munger,Bihar,India,2024-01-04
257,Nimrat,Oommen,Female,58,Sasaram,Bihar,India,2026-02-06
258,Dalbir,Tiwari,Male,63,Bhiwandi,Odisha,India,2023-03-29
259,Raksha,Badami,Female,49,Kakinada,Sikkim,India,2023-01-03
260,Inaya,Dasgupta,Female,33,Belgaum,Sikkim,India,2023-05-18
261,Manbir,Kaul,Male,59,Sambalpur,Sikkim,India,2024-11-07
262,Niharika,Chaudhary,Male,24,Navi Mumbai,Andhra Pradesh,India,2026-07-06
263,Indrajit,Karnik,Female,32,Kochi,West Bengal,India,2023-09-09
264,Anirudh,Goel,Male,62,Medininagar,Andhra Pradesh,India,2025-12-12
265,Ayaan,Oza,Female,21,Hyderabad,Andhra Pradesh,India,2024-11-14
266,George,Hegde,Male,25,Faridabad,Arunachal Pradesh,India,2024-04-24
267,Advay,Ramachandran,Female,26,Sonipat,Punjab,India,2025-02-08
268,Chameli,Nori,Female,60,Gopalpur,Telangana,India,2023-05-15
269,Daniel,Tripathi,Female,46,Naihati,Madhya Pradesh,India,2025-01-29
270,Pranav,Deshmukh,Female,53,Ranchi,Maharashtra,India,2022-09-10
271,Nikita,Kurian,Female,28,Ratlam,Chhattisgarh,India,2024-06-06
272,Upma,Bal,Female,46,Jammu,Telangana,India,2024-05-27
273,Chameli,Narain,Female,33,Bikaner,Sikkim,India,2023-09-23
274,Gunbir,Mammen,Female,51,Belgaum,Madhya Pradesh,India,2026-07-15
275,Orinder,Prabhakar,Female,58,Dehradun,Uttar Pradesh,India,2026-05-22
276,Panini,Madan,Male,35,Singrauli,Madhya Pradesh,India,2023-03-03
277,Manan,Palla,Female,22,Kozhikode,Uttar Pradesh,India,2023-07-14
278,Omya,Saraf,Female,33,Gorakhpur,Bihar,India,2024-04-09
279,Laban,Rout,Female,39,Machilipatnam,Mizoram,India,2023-10-14
280,Vincent,Sinha,Female,52,Mahbubnagar,Meghalaya,India,2025-07-25
281,Ojasvi,Devi,Male,26,Kolkata,Jharkhand,India,2025-06-14
282,Jagdish,Mukhopadhyay,Male,32,Bahraich,Karnataka,India,2024-03-23
283,Aayush,Bains,Female,62,Tenali,Odisha,India,2025-06-12
284,Zayyan,Natarajan,Male,63,Phagwara,Karnataka,India,2024-11-25
285,Yashasvi,Mangat,Male,22,Gulbarga,Maharashtra,India,2026-06-28
286,Tejas,Batra,Female,44,Aizawl,Uttar Pradesh,India,2023-04-29
287,Wyatt,Chaudry,Female,52,Gurgaon,Mizoram,India,2022-11-12
288,Daksha,Wason,Female,44,Nizamabad,Nagaland,India,2026-02-10
289,Gagan,Sodhi,Male,31,Patna,Andhra Pradesh,India,2023-08-19
290,Jacob,Kumar,Female,42,Durgapur,Goa,India,2025-09-04
291,Vasudha,Narang,Male,54,Gulbarga,Rajasthan,India,2022-09-23
292,Balveer,Gill,Female,48,Farrukhabad,West Bengal,India,2023-06-06
293,Sathvik,Mammen,Male,40,Vellore,Maharashtra,India,2024-04-04
294,Harish,Mohanty,Female,42,Jamnagar,Jharkhand,India,2024-07-24
295,Tristan,Dora,Female,52,Mathura,Mizoram,India,2025-09-11
296,Shravya,Mohan,Male,49,Kulti,Meghalaya,India,2026-07-22
297,Rohan,Majumdar,Male,35,Guwahati,Meghalaya,India,2024-10-29
298,Azaan,Sood,Female,49,Rohtak,Jharkhand,India,2024-04-15
299,Aditya,Boase,Male,42,Ozhukarai,Bihar,India,2025-04-06
300,Lohit,Amble,Female,60,Arrah,Manipur,India,2026-03-30
301,Elijah,Sengupta,Female,64,Katihar,Madhya Pradesh,India,2025-10-02
302,Urishilla,Wali,Male,47,Parbhani,Odisha,India,2024-08-02
303,Andrew,Goswami,Male,57,Bhind,Manipur,India,2025-05-18
304,Aarnav,Loke,Male,43,Coimbatore,Gujarat,India,2022-09-11
305,Chandani,Bahri,Male,23,Meerut,Uttar Pradesh,India,2025-09-11
306,Aarnav,Dash,Female,26,Bhatpara,Kerala,India,2024-08-08
307,Hemang,Shukla,Female,29,Indore,Tamil Nadu,India,2024-07-28
308,Praneel,Zachariah,Male,34,Nanded,Tripura,India,2023-02-24
309,Qasim,Sarma,Female,38,Karnal,Manipur,India,2022-11-13
310,Ethan,Walla,Male,47,Srinagar,Telangana,India,2025-02-03
311,Aahana,Vora,Female,39,Fatehpur,Meghalaya,India,2023-06-22
312,Devika,Bhandari,Female,35,Karawal Nagar,Odisha,India,2023-09-22
313,Nathaniel,Rattan,Female,34,Chandigarh,Odisha,India,2024-02-08
314,Aditya,Kalita,Male,48,Guna,Karnataka,India,2024-10-22
315,Onveer,Bhakta,Male,65,Karaikudi,Himachal Pradesh,India,2026-03-08
316,Harrison,Bhatnagar,Male,40,Varanasi,Madhya Pradesh,India,2024-01-04
317,Gaurang,Dani,Male,59,Mangalore,Tripura,India,2024-11-06
318,Utkarsh,Buch,Male,59,Ramgarh,West Bengal,India,2023-03-14
319,Aadhya,Ahluwalia,Male,19,Khammam,Himachal Pradesh,India,2024-07-16
320,Mitali,Ratti,Male,30,Allahabad,Madhya Pradesh,India,2023-06-18
321,Aachal,Nayak,Male,57,Srinagar,Andhra Pradesh,India,2022-08-29
322,Gabriel,Mann,Male,33,Pune,Odisha,India,2024-08-16
323,Urmi,Parsa,Male,48,Danapur,Himachal Pradesh,India,2024-06-11
324,Jai,Krishnamurthy,Male,54,Madhyamgram,Assam,India,2023-01-07
325,Yashawini,Barman,Male,47,Serampore,Odisha,India,2024-09-09
326,Yatan,Raval,Female,41,Parbhani,Manipur,India,2024-09-29
327,Indira,Khosla,Male,56,Panipat,Kerala,India,2026-05-12
328,Joshua,Peri,Male,28,Hyderabad,Chhattisgarh,India,2022-10-24
329,Brinda,Saraf,Female,24,Vijayanagaram,Sikkim,India,2025-12-04
330,Radhika,Kapur,Male,37,Aurangabad,Tripura,India,2022-11-04
331,Chaman,Bhandari,Female,43,Ozhukarai,West Bengal,India,2024-12-09
332,Raksha,Pradhan,Male,22,Bhopal,Odisha,India,2026-04-13
333,Leela,Kalita,Male,24,Ballia,Punjab,India,2024-02-07
334,Yasti,Badami,Female,61,Kottayam,Andhra Pradesh,India,2022-09-11
335,Anya,Murthy,Male,54,Nashik,Punjab,India,2022-09-07
336,Kalpit,Agate,Male,40,Medininagar,Tamil Nadu,India,2023-02-26
337,Libni,Randhawa,Female,60,Parbhani,Telangana,India,2025-03-05
338,Ekani,Dhawan,Female,22,Moradabad,Kerala,India,2024-06-20
339,Ronith,Johal,Female,18,Alwar,Himachal Pradesh,India,2025-02-28
340,Aashi,Bora,Female,49,Surat,Telangana,India,2024-02-19
341,Dominic,Murty,Male,45,Jodhpur,Goa,India,2024-12-12
342,Bhavini,Chaudhry,Female,58,Bhilai,Bihar,India,2023-11-10
343,Elijah,Devan,Female,63,Guna,Karnataka,India,2023-11-06
344,Ryan,Bassi,Male,45,Ambarnath,Kerala,India,2025-10-23
345,Jatin,Sekhon,Male,64,Jalna,Jharkhand,India,2025-09-02
346,Shivani,Tella,Female,57,Gopalpur,Arunachal Pradesh,India,2024-06-10
347,Dev,Devan,Female,47,Saharsa,Goa,India,2024-09-29
348,Ati,Bhatt,Female,64,Bhiwandi,West Bengal,India,2024-03-30
349,Vrishti,Chadha,Female,38,Amroha,Haryana,India,2024-10-29
350,Fariq,Misra,Male,23,Karawal Nagar,Odisha,India,2024-06-08
351,Atharv,Grewal,Female,46,Jorhat,Rajasthan,India,2023-08-23
352,Chavvi,Ganesh,Male,47,Hazaribagh,Arunachal Pradesh,India,2023-10-15
353,Xavier,Chaudhuri,Female,39,Silchar,Nagaland,India,2025-08-20
354,Zaitra,Bajwa,Male,49,Deoghar,Haryana,India,2023-11-19
355,Radhika,Dugal,Female,29,Sagar,Sikkim,India,2023-08-09
356,Zayan,Pant,Female,31,Gurgaon,Gujarat,India,2025-01-23
357,Darika,Ravel,Female,34,Rampur,Nagaland,India,2023-04-02
358,Neha,Wali,Female,35,Rourkela,Sikkim,India,2024-09-28
359,Unnati,Hayer,Female,53,Dehri,Tripura,India,2025-06-03
360,Onveer,Raman,Male,51,Warangal,Telangana,India,2024-11-30
361,Chandresh,Roy,Male,23,Bharatpur,Punjab,India,2025-10-24
362,Onveer,Menon,Male,64,Tiruppur,Andhra Pradesh,India,2023-08-24
363,Michael,Sinha,Female,49,Medininagar,Meghalaya,India,2025-08-18
364,Yagnesh,Subramaniam,Male,62,Purnia,Odisha,India,2026-01-23
365,Balveer,Krishnan,Female,59,Pondicherry,Kerala,India,2025-05-16
366,Anya,Dara,Female,46,Thanjavur,Nagaland,India,2023-04-30
367,Yachana,Sood,Male,23,Panihati,Assam,India,2025-01-19
368,Ubika,Mitter,Female,32,Lucknow,Manipur,India,2023-11-22
369,Triveni,Sethi,Female,62,Madanapalle,Telangana,India,2024-11-05
370,Rushil,Morar,Male,37,Junagadh,Bihar,India,2024-06-16
371,Amrita,Dasgupta,Female,48,Pondicherry,Punjab,India,2026-01-16
372,Alka,Bhatti,Female,45,Parbhani,Tamil Nadu,India,2023-03-28
373,Upkaar,Dhillon,Female,40,Coimbatore,Uttar Pradesh,India,2026-05-05
374,Suhani,Brar,Female,35,Rajkot,Rajasthan,India,2026-03-12
375,Mason,Mishra,Female,34,Muzaffarpur,Chhattisgarh,India,2025-07-29
376,Daniel,Memon,Male,25,Kolkata,Uttarakhand,India,2024-08-28
377,Chaitanya,Brar,Male,38,Lucknow,Tripura,India,2024-09-18
378,Dhruv,Sharaf,Male,65,Indore,Manipur,India,2023-04-09
379,Yashica,Wason,Male,30,Ratlam,Uttar Pradesh,India,2024-08-15
380,Champak,Parmer,Male,65,Chennai,Andhra Pradesh,India,2025-05-04
381,Darika,Gola,Female,35,Munger,Karnataka,India,2023-12-09
382,Gauri,Karan,Female,24,Orai,Tamil Nadu,India,2026-07-29
383,Vedant,Goda,Male,36,Rajpur Sonarpur,Mizoram,India,2024-10-01
384,Timothy,Chand,Male,41,Jehanabad,Karnataka,India,2025-12-23
385,Anusha,Bhat,Male,37,Khora ,Uttar Pradesh,India,2023-10-13
386,Wazir,Panchal,Male,63,Ahmedabad,Tripura,India,2025-08-18
387,Krishna,Magar,Male,35,Rajkot,Karnataka,India,2025-02-01
388,Siddharth,Doshi,Male,21,Rajahmundry,Madhya Pradesh,India,2024-12-04
389,Ekaraj,Iyengar,Female,62,Gwalior,Chhattisgarh,India,2023-09-18
390,Charvi,Mahal,Male,58,Gulbarga,Sikkim,India,2025-07-31
391,Ekavir,Roy,Female,24,Panchkula,Nagaland,India,2022-10-14
392,Banjeet,Zacharia,Male,54,Silchar,Arunachal Pradesh,India,2024-08-09
393,Kevin,Chacko,Female,48,Satara,Maharashtra,India,2023-07-01
394,Anjali,Peri,Female,46,Kharagpur,Assam,India,2026-06-04
395,Thomas,Ghose,Female,29,Agartala,Haryana,India,2025-07-22
396,Ekavir,Thakur,Male,34,Belgaum,Tripura,India,2023-06-28
397,Chaaya,Gola,Female,25,Karimnagar,Uttar Pradesh,India,2023-04-03
398,Siddharth,Balakrishnan,Male,43,Buxar,Haryana,India,2026-06-27
399,Madhav,Shere,Female,22,Rajahmundry,Meghalaya,India,2024-06-06
400,Bahadurjit,Koshy,Male,27,Tumkur,Telangana,India,2025-07-04
401,Nachiket,Venkatesh,Male,54,Kirari Suleman Nagar,Chhattisgarh,India,2025-01-27
402,Udarsh,Karpe,Female,23,Silchar,Telangana,India,2023-08-16
403,Arin,Shere,Male,25,Kolhapur,Karnataka,India,2023-03-12
404,Rudra,Arora,Female,56,Hapur,Kerala,India,2026-07-28
405,Yashawini,Gara,Male,51,Kottayam,Karnataka,India,2025-05-26
406,Samesh,Dey,Female,46,Raebareli,Manipur,India,2024-07-23
407,Yauvani,Vora,Female,37,Bhilwara,Odisha,India,2026-07-31
408,Liam,Acharya,Female,37,Parbhani,Tripura,India,2024-03-06
409,Upma,Chad,Male,57,Thoothukudi,Punjab,India,2025-04-12
410,Wahab,Manne,Male,31,Tiruppur,Assam,India,2024-01-01
411,Champak,Dani,Male,34,Mirzapur,Jharkhand,India,2025-08-07
412,Vaishnavi,Vora,Male,28,Tiruchirappalli,Chhattisgarh,India,2025-11-19
413,Deepa,Raju,Male,29,Serampore,Haryana,India,2022-08-23
414,Nisha,Shenoy,Male,28,Bidhannagar,Rajasthan,India,2023-07-06
415,Nicholas,Kulkarni,Male,44,Jaunpur,Karnataka,India,2025-09-11
416,Jagat,Rajagopalan,Female,62,Chinsurah,Himachal Pradesh,India,2025-11-21
417,William,Chhabra,Female,36,Malegaon,Karnataka,India,2024-12-14
418,Janani,Aurora,Male,32,Panihati,Meghalaya,India,2025-02-26
419,Wahab,Baral,Female,63,Kamarhati,Meghalaya,India,2026-07-14
420,Chaman,Suresh,Female,62,Chapra,Himachal Pradesh,India,2025-07-27
421,Warda,Edwin,Female,22,Medininagar,Tamil Nadu,India,2024-10-07
422,Idika,Krishna,Male,34,Ratlam,Maharashtra,India,2023-12-28
423,Henry,Bath,Male,45,Dehradun,Himachal Pradesh,India,2025-02-05
424,Nachiket,Narula,Male,52,Udupi,Manipur,India,2026-06-10
425,Krishna,Bassi,Male,59,Bardhaman,Arunachal Pradesh,India,2025-01-29
426,Amrita,Solanki,Male,35,Madurai,Sikkim,India,2026-06-01
427,Aradhana,Ravi,Male,22,Faridabad,Tripura,India,2023-12-24
428,Amruta,Patla,Male,28,Shahjahanpur,Chhattisgarh,India,2023-02-10
429,Joshua,Gupta,Female,56,Chittoor,Rajasthan,India,2023-11-25
430,Yamini,Goyal,Female,46,Kolhapur,Tamil Nadu,India,2025-05-03
431,Hardik,Tata,Male,47,Mysore,Gujarat,India,2024-07-03
432,Lajita,Ganesan,Female,62,Srinagar,Himachal Pradesh,India,2026-05-15
433,Idika,Khatri,Female,35,Bellary,Himachal Pradesh,India,2025-07-18
434,Rudra,Memon,Female,46,Sultan Pur Majra,Chhattisgarh,India,2022-10-20
435,Gauri,Kadakia,Male,56,Hubli–Dharwad,Andhra Pradesh,India,2023-08-31
436,Qadim,Chaudhari,Male,45,Shivpuri,Punjab,India,2022-09-10
437,Ranveer,Johal,Female,56,Jalgaon,Meghalaya,India,2025-01-05
438,Ryan,Kohli,Female,19,Aurangabad,West Bengal,India,2024-10-06
439,Niharika,Krish,Male,32,Sasaram,Karnataka,India,2025-07-23
440,Adweta,Keer,Male,61,Patna,Nagaland,India,2026-02-13
441,Warinder,Dugar,Female,54,Raichur,Himachal Pradesh,India,2022-11-09
442,Ekani,Buch,Male,29,Aizawl,Gujarat,India,2025-09-07
443,Nimrat,Khanna,Female,51,Khammam,Mizoram,India,2025-08-04
444,Ekalinga,Kalla,Female,35,Ratlam,Nagaland,India,2023-10-28
445,Yashica,Tailor,Male,55,Arrah,Punjab,India,2026-02-26
446,Arin,Hegde,Female,58,Ahmednagar,Gujarat,India,2026-06-22
447,Omisha,Swaminathan,Female,23,Nizamabad,Odisha,India,2025-11-09
448,Umang,Modi,Female,40,Thane,Jharkhand,India,2023-11-22
449,Abha,Divan,Female,39,Delhi,Mizoram,India,2022-09-21
450,Owen,Thaman,Female,60,Asansol,Chhattisgarh,India,2026-07-28
451,Faris,Thakkar,Male,28,Ujjain,Telangana,India,2024-02-19
452,Vrishti,Dugar,Female,44,Phagwara,Goa,India,2024-02-17
453,Gautami,Parekh,Female,36,Karimnagar,Manipur,India,2025-08-19
454,Keya,Bobal,Female,53,Barasat,Himachal Pradesh,India,2025-03-02
455,Akshay,Pau,Male,47,Raurkela Industrial Township,Odisha,India,2023-05-28
456,Urmi,Chandran,Male,38,Dewas,Odisha,India,2024-04-26
457,Madhavi,Dar,Female,38,Patiala,Punjab,India,2022-09-21
458,Tristan,Borah,Male,43,Jhansi,Uttar Pradesh,India,2022-12-05
459,Lekha,Gour,Male,60,Siliguri,West Bengal,India,2025-11-08
460,Pratyush,Dugar,Female,44,Mumbai,Telangana,India,2025-02-16
461,Abhiram,Mittal,Male,30,Miryalaguda,West Bengal,India,2024-12-10
462,Advik,Lalla,Female,57,Raebareli,Manipur,India,2024-04-16
463,Yasti,Chander,Female,58,Unnao,Mizoram,India,2025-12-12
464,Chakrika,Ratta,Female,21,Jalandhar,Manipur,India,2023-05-23
465,Krisha,Prasad,Male,35,Tiruchirappalli,Odisha,India,2024-08-03
466,Azad,Ramakrishnan,Male,36,Proddatur,Nagaland,India,2023-04-19
467,Kamya,Rajan,Female,62,Imphal,Punjab,India,2026-07-26
468,Sai,Kala,Female,25,Berhampur,Arunachal Pradesh,India,2024-08-14
469,Damyanti,Mangal,Male,58,Loni,Karnataka,India,2026-06-07
470,Ayaan,Chaudhry,Male,63,Loni,Manipur,India,2024-04-18
471,Rohan,Bail,Male,37,Katni,Uttarakhand,India,2022-10-26
472,Lohit,Balan,Male,53,Ahmednagar,Telangana,India,2025-03-22
473,Chandresh,Samra,Female,23,Amroha,Andhra Pradesh,India,2024-05-07
474,Sai,Bhattacharyya,Male,25,Junagadh,Punjab,India,2024-08-16
475,Jacob,Bakshi,Female,25,Asansol,Gujarat,India,2025-12-05
476,Joshua,Parmer,Male,49,Tadepalligudem,Bihar,India,2025-01-31
477,Rachana,Prasad,Female,50,Kota,Sikkim,India,2023-11-10
478,Wahab,Buch,Female,44,Amaravati,Uttarakhand,India,2023-09-07
479,Madhavi,Vaidya,Female,48,Guntur,Gujarat,India,2025-05-16
480,Tejas,Gupta,Male,47,Visakhapatnam,Mizoram,India,2022-08-22
481,Xalak,Seshadri,Male,42,Sangli-Miraj & Kupwad,Haryana,India,2026-03-29
482,Adya,Sethi,Male,56,Bareilly,Andhra Pradesh,India,2026-05-05
483,Chanakya,Mangat,Male,22,Malda,Manipur,India,2024-12-05
484,Ati,Wason,Female,44,Vijayanagaram,Gujarat,India,2025-08-16
485,Veda,Andra,Female,50,Anantapuram,Jharkhand,India,2023-05-27
486,Orinder,Palan,Female,18,Bulandshahr,Uttarakhand,India,2023-04-26
487,Nitesh,Khalsa,Female,64,Katihar,Maharashtra,India,2024-03-21
488,Tejas,Sule,Female,55,Ulhasnagar,Bihar,India,2024-03-27
489,Saksham,Bhakta,Female,27,Dhule,Arunachal Pradesh,India,2024-03-06
490,Saksham,Babu,Female,52,Rewa,Odisha,India,2024-09-18
491,George,Agrawal,Female,40,Bongaigaon,Maharashtra,India,2025-06-22
492,Anusha,Sen,Female,53,Surat,Maharashtra,India,2024-11-21
493,Jai,Narayan,Female,47,Satna,Mizoram,India,2025-09-07
494,Hemangini,Manda,Female,30,Loni,Andhra Pradesh,India,2025-11-15
495,Raagini,Nadig,Male,54,Arrah,Tamil Nadu,India,2026-05-01
496,Omisha,Butala,Female,32,Gopalpur,Uttarakhand,India,2026-04-07
497,Laban,Babu,Female,20,Nizamabad,Bihar,India,2023-12-08
498,Sanya,Solanki,Female,65,Alappuzha,Odisha,India,2023-11-09
499,Zehaan,Krish,Female,63,Mehsana,Meghalaya,India,2024-03-04
500,Jyoti,Chatterjee,Female,42,Berhampur,Arunachal Pradesh,India,2023-05-20
501,Wazir,Sahota,Male,49,Agartala,Sikkim,India,2026-06-10
502,Jeet,Srivastava,Male,26,Buxar,Karnataka,India,2023-03-14
503,Triveni,Deshpande,Female,24,Jamshedpur,Jharkhand,India,2024-10-03
504,Gaurangi,Varty,Female,24,Deoghar,West Bengal,India,2023-06-02
505,Janani,Radhakrishnan,Female,18,Morbi,Jharkhand,India,2023-05-15
506,David,Kumer,Male,44,Vijayanagaram,Maharashtra,India,2024-11-05
507,Nakul,Agarwal,Male,22,Karnal,Chhattisgarh,India,2024-12-28
508,Ubika,Goda,Female,34,Vasai-Virar,Tamil Nadu,India,2023-03-27
509,Tristan,Pradhan,Female,57,Raurkela Industrial Township,Maharashtra,India,2023-09-02
510,Yauvani,Kunda,Female,59,Siwan,Telangana,India,2023-02-10
511,Bimala,Sane,Male,39,Bhubaneswar,Mizoram,India,2022-08-17
512,Zaid,Wadhwa,Female,38,Durgapur,Manipur,India,2025-11-18
513,Wridesh,Ravi,Female,52,Kumbakonam,Kerala,India,2025-07-27
514,Arunima,Nayar,Male,57,Bangalore,Mizoram,India,2026-04-03
515,Pushti,Bhatnagar,Male,33,Hosur,Uttarakhand,India,2026-01-08
516,Upma,Ramachandran,Female,32,Ahmedabad,Tripura,India,2025-03-04
517,Shravya,Muni,Male,45,Lucknow,Haryana,India,2023-09-11
518,Kai,Karnik,Male,58,Solapur,Maharashtra,India,2023-12-02
519,Ati,Batra,Male,46,Deoghar,Assam,India,2024-02-05
520,Triya,Rajagopal,Male,62,Moradabad,Meghalaya,India,2022-09-10
521,Ekbal,Yadav,Female,19,Begusarai,Tripura,India,2025-10-23
522,Harita,Agarwal,Male,38,Kavali,Arunachal Pradesh,India,2025-07-21
523,Gaurangi,Sanghvi,Male,36,Kharagpur,Tamil Nadu,India,2025-06-25
524,Neelima,Mukhopadhyay,Female,41,Faridabad,Uttarakhand,India,2023-02-18
525,Nathan,Nayar,Female,27,Gurgaon,Bihar,India,2022-12-21
526,Nidra,Dasgupta,Male,51,Raichur,Himachal Pradesh,India,2023-07-08
527,Dhruv,Gandhi,Female,54,Dehri,Karnataka,India,2023-12-12
528,Vritti,Dhingra,Male,28,Karnal,Gujarat,India,2024-03-23
529,Aarnav,Guha,Male,23,Dewas,Odisha,India,2025-03-10
530,Reva,Sabharwal,Female,57,Varanasi,Chhattisgarh,India,2024-12-12
531,Bhavika,Deshmukh,Male,49,Dewas,Andhra Pradesh,India,2025-05-15
532,Kashish,Sawhney,Male,32,Tiruchirappalli,Rajasthan,India,2026-04-17
533,David,Kurian,Female,58,Rewa,Maharashtra,India,2026-03-22
534,Qabil,Rastogi,Female,47,Mau,Manipur,India,2022-09-17
535,Siya,Magar,Female,60,Gangtok,Manipur,India,2024-11-29
536,Jalsa,Babu,Male,47,Sikar,Kerala,India,2025-02-05
537,Jasmit,Pathak,Female,61,Panvel,Sikkim,India,2026-02-03
538,Aarnav,Morar,Male,22,Aizawl,Uttarakhand,India,2023-05-17
539,Arunima,Dugal,Female,40,Jorhat,Assam,India,2024-10-24
540,Vivaan,Sangha,Female,58,Burhanpur,Madhya Pradesh,India,2024-03-15
541,Laban,Acharya,Female,62,Suryapet,Jharkhand,India,2025-12-15
542,Zaitra,Divan,Female,47,Jamalpur,Madhya Pradesh,India,2023-09-29
543,Jalsa,Doctor,Female,30,Gorakhpur,Madhya Pradesh,India,2024-01-07
544,Hemal,Magar,Female,48,Vellore,Gujarat,India,2025-10-24
545,Kabir,Bali,Male,33,Thanjavur,Manipur,India,2024-11-03
546,Gaurang,Karnik,Female,54,Kolhapur,Sikkim,India,2026-03-15
547,Yutika,Bhatia,Female,54,Bahraich,Madhya Pradesh,India,2025-10-02
548,Kashish,Loke,Female,62,Gwalior,Punjab,India,2022-11-17
549,Mugdha,Sabharwal,Female,19,Loni,Gujarat,India,2025-02-04
550,Gautami,Dhillon,Female,35,Rampur,West Bengal,India,2024-01-30
551,Edhitha,Sridhar,Male,54,Mehsana,Uttarakhand,India,2022-09-27
552,Warda,Pradhan,Male,56,Aizawl,Nagaland,India,2025-09-12
553,Rudra,Thaman,Female,36,Agartala,Odisha,India,2023-06-30
554,Thomas,Gole,Male,56,Solapur,Uttar Pradesh,India,2023-04-17
555,Falan,Grewal,Female,32,Mango,Punjab,India,2024-11-21
556,Samuel,Sarma,Male,57,Anantapuram,Karnataka,India,2023-07-25
557,Vasatika,Rajagopalan,Female,61,Hosur,Haryana,India,2023-08-07
558,Chavvi,Ganesh,Male,58,Bharatpur,Jharkhand,India,2024-06-27
559,Nimrat,Koshy,Male,58,Cuttack,Mizoram,India,2025-05-20
560,Vasatika,Natt,Male,37,Ramgarh,Haryana,India,2025-11-13
561,Bina,Narula,Female,20,Jorhat,Maharashtra,India,2025-01-20
562,Daniel,Banik,Female,64,Amroha,Himachal Pradesh,India,2025-11-24
563,Chatresh,Sandal,Male,23,Kirari Suleman Nagar,Nagaland,India,2025-12-03
564,Turvi,Devi,Female,38,Narasaraopet,Himachal Pradesh,India,2024-11-24
565,Faraj,Date,Female,29,Khammam,Telangana,India,2023-11-23
566,Yatan,Bahl,Male,26,Malegaon,Jharkhand,India,2026-03-13
567,Nitara,Badal,Female,51,Saharsa,West Bengal,India,2025-02-08
568,Chandresh,Varty,Female,28,Nizamabad,Kerala,India,2023-12-31
569,Harshil,Dani,Female,48,Chandigarh,West Bengal,India,2025-10-29
570,Madhavi,Madan,Female,65,Malda,Uttar Pradesh,India,2024-06-07
571,Lopa,Acharya,Female,25,Bhubaneswar,Goa,India,2025-05-08
572,Janani,Mistry,Female,22,Udupi,Haryana,India,2024-04-20
573,Kamala,Bhatia,Male,32,Purnia,Manipur,India,2025-01-11
574,Yutika,Chand,Female,53,Pondicherry,Maharashtra,India,2025-08-03
575,Quincy,Madan,Female,23,Singrauli,Punjab,India,2023-01-26
576,Yashasvi,Sekhon,Female,18,Dindigul,Uttar Pradesh,India,2022-11-15
577,Ikshita,Oommen,Female,52,Karaikudi,Uttarakhand,India,2022-11-02
578,Isaac,Chaudhry,Male,47,Bharatpur,Chhattisgarh,India,2024-01-05
579,Yashoda,Ganesan,Female,61,Panihati,Kerala,India,2025-05-17
580,Rajeshri,Prabhakar,Female,55,Panvel,Telangana,India,2024-08-11
581,Chasmum,Tank,Female,58,Sikar,Mizoram,India,2022-12-07
582,Vedhika,Kale,Female,24,Udupi,Chhattisgarh,India,2022-09-14
583,Dayita,Nayak,Male,48,Tadepalligudem,Tamil Nadu,India,2023-08-01
584,Omisha,Savant,Male,57,Kochi,Jharkhand,India,2023-01-03
585,Lipika,Saran,Female,57,Dehri,Gujarat,India,2025-05-21
586,Chaitanya,Dugar,Male,59,Durg,Odisha,India,2023-11-26
587,Indrajit,Gour,Male,58,Kota,Sikkim,India,2024-01-14
588,Dhruv,Sani,Female,62,Anand,Nagaland,India,2023-03-13
589,Kalpit,Gade,Female,59,Haridwar,Uttar Pradesh,India,2023-09-04
590,Eesha,Kalita,Female,25,Thane,Bihar,India,2023-11-23
591,Upma,Saha,Male,20,Tezpur,Uttarakhand,India,2026-03-17
592,Charles,Puri,Male,37,Jorhat,Uttar Pradesh,India,2025-04-24
593,Zayan,Lad,Female,25,Giridih,Jharkhand,India,2023-09-18
594,Saanvi,Lata,Male,33,Ichalkaranji,Uttarakhand,India,2023-02-18
595,Yadavi,Jha,Male,42,Pimpri-Chinchwad,Nagaland,India,2023-04-30
596,Meghana,Krishna,Female,41,Karimnagar,Uttarakhand,India,2022-09-07
597,Kashvi,Dhillon,Female,55,Pondicherry,Sikkim,India,2024-02-13
598,Teerth,Chander,Male,44,Alwar,Tamil Nadu,India,2024-03-29
599,William,Butala,Male,49,Guwahati,Odisha,India,2024-09-18
600,Zaid,Ganesan,Female,35,Chittoor,Manipur,India,2025-12-15
601,Hemangini,Ray,Male,62,Nagaon,Tripura,India,2025-12-26
602,Aahana,Chana,Female,31,Davanagere,Himachal Pradesh,India,2024-09-28
603,Teerth,Bahri,Female,46,Thoothukudi,Jharkhand,India,2024-04-17
604,Dalbir,Bhat,Male,41,Kharagpur,Jharkhand,India,2025-01-12
605,Hredhaan,Majumdar,Male,61,Guwahati,Uttarakhand,India,2026-05-27
606,Bakhshi,Rai,Female,52,Phusro,Nagaland,India,2024-06-22
607,Hiral,Choudhury,Female,21,Rourkela,Nagaland,India,2023-03-13
608,Jonathan,Bose,Female,35,Aurangabad,Meghalaya,India,2023-03-01
609,Jagvi,Chad,Male,25,Ichalkaranji,Meghalaya,India,2022-11-23
610,Michael,Prabhu,Female,23,Noida,Sikkim,India,2024-10-28
611,Unni,Chowdhury,Male,59,Etawah,Maharashtra,India,2023-05-17
612,Ryan,Dhaliwal,Male,21,Rajpur Sonarpur,Jharkhand,India,2023-10-04
613,Rayaan,Chadha,Female,33,Vijayanagaram,Tripura,India,2026-02-15
614,Fiyaz,Kashyap,Male,54,Ahmedabad,Uttar Pradesh,India,2024-12-14
615,Raghav,Rana,Male,22,Bathinda,Punjab,India,2025-08-10
616,Gayathri,Oommen,Male,55,Burhanpur,Haryana,India,2025-07-02
617,Yauvani,Desai,Male,32,Sambhal,Manipur,India,2025-10-28
618,Janya,Ratta,Female,27,Nadiad,Mizoram,India,2025-01-28
619,Ranveer,Sunder,Male,35,Agartala,Goa,India,2024-04-16
620,Kalpit,Mittal,Male,26,Saharsa,Mizoram,India,2025-10-03
621,Zashil,Radhakrishnan,Female,29,Buxar,Odisha,India,2026-02-11
622,Barkha,Pingle,Male,60,Jamshedpur,Uttarakhand,India,2024-09-27
623,Deepa,Kakar,Male,26,Dindigul,Mizoram,India,2026-08-04
624,Devika,Sengupta,Male,40,Nizamabad,Sikkim,India,2025-03-09
625,Faris,Sunder,Male,55,Satna,Andhra Pradesh,India,2023-10-14
626,Tanvi,Mittal,Female,19,Morbi,Karnataka,India,2024-08-22
627,Frado,Karan,Male,34,Hospet,Uttarakhand,India,2024-07-01
628,Owen,Das,Male,26,Tiruchirappalli,Chhattisgarh,India,2023-08-06
629,Siya,Toor,Female,51,Arrah,Gujarat,India,2023-03-14
630,Upkaar,Sawhney,Male,65,Karaikudi,Haryana,India,2023-06-29
631,Ikshita,Biswas,Male,48,Meerut,Punjab,India,2022-11-13
632,Netra,Raju,Female,41,Kavali,Maharashtra,India,2023-03-29
633,Rachana,Hans,Male,46,Pimpri-Chinchwad,Tripura,India,2026-07-10
634,Aadhya,Gade,Male,57,Ambala,Mizoram,India,2024-07-04
635,Ishaan,Sangha,Male,64,Sri Ganganagar,Bihar,India,2025-06-07
636,Maya,Arya,Female,47,Shimla,Assam,India,2022-10-30
637,Maya,Narula,Male,21,Loni,Chhattisgarh,India,2025-10-28
638,Anamika,Magar,Female,43,Alwar,Telangana,India,2022-11-05
639,Ryan,Nagy,Female,61,Chandigarh,Maharashtra,India,2024-09-02
640,Fiyaz,Jayaraman,Male,49,Bharatpur,Punjab,India,2025-03-20
641,Pavani,Saini,Female,22,Kavali,West Bengal,India,2023-11-27
642,Oliver,Shah,Male,38,Purnia,Meghalaya,India,2025-08-23
643,Edhitha,Batta,Male,22,Allahabad,Arunachal Pradesh,India,2022-08-27
644,Nachiket,Chaudhry,Male,35,Bellary,West Bengal,India,2022-09-29
645,Ekanta,Bhatti,Female,42,Rajahmundry,Rajasthan,India,2024-10-12
646,Baghyawati,Sarkar,Female,47,Muzaffarnagar,Tripura,India,2024-10-20
647,Teerth,Subramanian,Female,24,Firozabad,Chhattisgarh,India,2023-12-10
648,Arjun,Golla,Male,59,Kollam,Uttarakhand,India,2022-09-05
649,Ekanta,Dhar,Male,45,Malda,Uttar Pradesh,India,2023-11-01
650,Bishakha,Pai,Female,32,Karnal,Chhattisgarh,India,2025-08-31
651,Udyati,Halder,Female,39,Ranchi,Karnataka,India,2024-06-01
652,Tanay,Nadig,Female,43,Kota,Maharashtra,India,2024-03-04
653,Ekta,Gandhi,Female,64,Bikaner,Rajasthan,India,2024-01-16
654,Ryan,Bir,Male,38,Kochi,Karnataka,India,2024-02-29
655,Manya,Gour,Female,38,Mira-Bhayandar,Andhra Pradesh,India,2026-03-09
656,Tristan,Deshmukh,Female,41,Jabalpur,Odisha,India,2022-10-22
657,Keya,Lal,Male,61,Adoni,Rajasthan,India,2023-06-07
658,Wridesh,Bhardwaj,Female,22,Ulhasnagar,Tamil Nadu,India,2024-04-07
659,Nilima,Ramesh,Male,23,Chandrapur,Haryana,India,2024-03-13
660,Aditya,Bava,Male,45,Sagar,Punjab,India,2026-03-21
661,Chakradev,Saini,Male,65,Coimbatore,West Bengal,India,2024-03-10
662,Hiral,Deo,Female,26,Khora ,Haryana,India,2026-06-28
663,Abhimanyu,Kaul,Male,55,Nangloi Jat,Jharkhand,India,2023-10-14
664,Bhanumati,Radhakrishnan,Female,60,Shahjahanpur,Tamil Nadu,India,2024-10-22
665,Zilmil,Divan,Male,44,Saharsa,Sikkim,India,2025-02-21
666,Qarin,Pradhan,Female,60,Thane,Maharashtra,India,2025-01-07
667,Chatresh,Suri,Female,64,Bhalswa Jahangir Pur,Haryana,India,2025-06-01
668,Vyanjana,Sachdev,Male,36,Bhavnagar,Jharkhand,India,2024-01-21
669,Ekansh,Anne,Female,40,Haldia,Haryana,India,2022-10-29
670,Anusha,Borra,Male,54,Alwar,Andhra Pradesh,India,2024-09-15
671,Rajeshri,Dua,Male,27,Sagar,Bihar,India,2025-11-21
672,Harrison,Khurana,Female,32,Sangli-Miraj & Kupwad,Rajasthan,India,2024-02-09
673,Timothy,Chad,Male,40,Cuttack,Andhra Pradesh,India,2026-07-19
674,Zarna,Chada,Female,25,Aurangabad,Assam,India,2025-04-28
675,David,Issac,Female,54,Tirunelveli,Uttar Pradesh,India,2026-08-05
676,Yash,Purohit,Male,45,Udupi,Nagaland,India,2023-12-17
677,Aahana,Lanka,Male,56,Solapur,Rajasthan,India,2025-03-29
678,Avi,Sani,Female,19,Jaunpur,Chhattisgarh,India,2022-10-17
679,Chaitanya,Subramaniam,Male,35,Rajkot,Karnataka,India,2024-12-01
680,Laksh,Bhatia,Female,39,Indore,Andhra Pradesh,India,2025-06-24
681,Upkaar,Kaul,Female,18,Tadepalligudem,Karnataka,India,2022-12-13
682,Jyoti,Mitter,Male,27,Proddatur,Meghalaya,India,2023-01-10
683,Vedant,Edwin,Female,22,Bhopal,Punjab,India,2023-10-10
684,Shravya,Pandya,Male,65,Machilipatnam,West Bengal,India,2023-05-19
685,Qasim,Chand,Male,23,Satara,Nagaland,India,2024-07-01
686,Chatresh,Radhakrishnan,Male,42,Kakinada,Uttar Pradesh,India,2024-11-24
687,Dev,Tank,Female,47,Morena,Odisha,India,2025-07-29
688,Watika,Jha,Female,28,Bhagalpur,Maharashtra,India,2026-03-31
689,Ansh,Pau,Female,37,Akola,Chhattisgarh,India,2024-05-14
690,Guneet,Lanka,Female,54,Srinagar,Telangana,India,2023-06-16
691,Ayushman,Luthra,Male,21,Bhavnagar,Chhattisgarh,India,2024-11-24
692,Pratyush,Raj,Male,28,Jodhpur,Arunachal Pradesh,India,2025-06-07
693,Farhan,Mand,Male,61,Durgapur,Haryana,India,2025-12-18
694,Krish,Jain,Male,35,Satna,Maharashtra,India,2025-10-07
695,Aryan,Sarin,Female,60,Bhopal,Assam,India,2026-07-03
696,Patrick,Bhargava,Female,49,Bardhaman,Arunachal Pradesh,India,2023-03-14
697,Harish,Sur,Female,44,Morbi,Arunachal Pradesh,India,2025-07-22
698,Avni,Soni,Female,31,Akola,Nagaland,India,2023-01-01
699,Frederick,Bhardwaj,Male,40,Mira-Bhayandar,Karnataka,India,2024-12-30
700,Harish,Sheth,Female,25,Ichalkaranji,Punjab,India,2024-09-18
701,Ekaja,Jhaveri,Female,61,Davanagere,Haryana,India,2026-03-24
702,Zaid,Gade,Female,51,Jamshedpur,Karnataka,India,2023-06-10
703,Onveer,Ghose,Female,20,Maheshtala,Telangana,India,2024-06-28
704,Isha,Krishnan,Male,43,Dehri,Nagaland,India,2023-01-31
705,William,Pillai,Male,18,Bharatpur,Mizoram,India,2025-03-15
706,Tarak,Goyal,Male,37,Bulandshahr,Uttar Pradesh,India,2024-11-29
707,Yash,Cherian,Male,26,Surendranagar Dudhrej,Telangana,India,2024-11-28
708,Bhavna,Kapur,Female,36,Agra,Jharkhand,India,2024-01-15
709,Lipika,Bandi,Female,25,Pudukkottai,Tamil Nadu,India,2023-02-28
710,Geetika,Barman,Male,49,Bhavnagar,Haryana,India,2024-11-16
711,Rudra,Mane,Female,29,Kakinada,Chhattisgarh,India,2025-08-12
712,Girik,Banerjee,Male,42,Chandigarh,Tamil Nadu,India,2025-06-29
713,Qasim,Ratta,Male,50,Serampore,Mizoram,India,2023-12-26
714,Wakeeta,Bhatti,Female,22,Parbhani,Nagaland,India,2025-03-05
715,Advay,Char,Female,65,Dhule,Goa,India,2023-01-19
716,Hemal,Tripathi,Male,45,Gulbarga,Manipur,India,2023-02-14
717,Idika,Issac,Male,47,Ozhukarai,Gujarat,India,2025-01-19
718,Riya,Prabhakar,Male,38,Dhanbad,Punjab,India,2023-09-26
719,Jagdish,Srivastava,Female,54,Madhyamgram,Rajasthan,India,2023-10-29
720,Manthan,Gera,Female,63,Jammu,Goa,India,2024-07-01
721,Vyanjana,Bhatti,Female,36,Gangtok,Haryana,India,2023-11-11
722,Amol,Gour,Male,43,Rewa,Haryana,India,2022-12-09
723,Tristan,Mutti,Male,38,Bhilwara,Arunachal Pradesh,India,2024-04-10
724,Fiyaz,Lad,Male,57,Rewa,Uttarakhand,India,2022-09-14
725,Nachiket,Karpe,Female,62,Shahjahanpur,West Bengal,India,2023-11-03
726,Hardik,Suresh,Female,23,Panihati,Meghalaya,India,2024-06-27
727,Maya,Minhas,Female,24,Jamalpur,Jharkhand,India,2024-02-28
728,Qabil,Lata,Male,45,Tirupati,Karnataka,India,2026-01-21
729,Aadhya,Venkataraman,Female,51,Ambarnath,Uttar Pradesh,India,2024-10-08
730,Varenya,Gara,Male,43,Muzaffarpur,West Bengal,India,2025-12-01
731,Kritika,Shroff,Female,65,Bhilai,Goa,India,2024-12-06
732,Zilmil,Khatri,Female,32,Aizawl,Bihar,India,2024-11-18
733,Aadhya,Aurora,Female,28,Dhule,Telangana,India,2022-08-25
734,Nitesh,Tella,Male,50,Kurnool,Chhattisgarh,India,2022-08-16
735,Rayaan,Basu,Male,51,Mysore,Telangana,India,2023-07-13
736,Qushi,Mukhopadhyay,Male,40,Silchar,Rajasthan,India,2022-12-22
737,Janaki,Walla,Female,64,Thiruvananthapuram,Maharashtra,India,2025-12-16
738,Ishanvi,Bhargava,Male,33,Bareilly,Tripura,India,2023-07-18
739,Udant,Baral,Male,27,Visakhapatnam,Andhra Pradesh,India,2025-05-29
740,Naksh,Goda,Female,30,Ghaziabad,Uttarakhand,India,2026-01-29
741,Kamala,Patil,Male,56,Vijayawada,Meghalaya,India,2025-08-23
742,Yash,Prabhakar,Male,59,Bokaro,Tamil Nadu,India,2023-11-04
743,Isaac,Savant,Male,29,Tenali,Tripura,India,2024-02-03
744,Sudiksha,Atwal,Female,47,Tadepalligudem,Gujarat,India,2025-10-22
745,Abhimanyu,Barad,Female,61,Madhyamgram,Uttarakhand,India,2025-05-28
746,Neelima,Wali,Female,58,Pallavaram,Haryana,India,2026-01-23
747,Harsh,Hans,Female,27,Kumbakonam,Meghalaya,India,2023-07-23
748,Yoshita,Natt,Female,22,Ambarnath,Mizoram,India,2023-10-14
749,Kashish,Khanna,Female,46,Gorakhpur,Manipur,India,2025-08-05
750,Warjas,Sur,Female,35,Kolkata,Rajasthan,India,2023-05-29
751,Teerth,Bhatia,Male,40,Kadapa,Bihar,India,2024-08-10
752,Praneel,Narang,Male,37,Silchar,Nagaland,India,2025-09-13
753,Ekansh,Venkatesh,Female,46,Bijapur,Tamil Nadu,India,2022-11-07
754,Rachit,Iyengar,Male,21,Tinsukia,Assam,India,2023-05-03
755,Gaurav,Purohit,Female,36,Erode,Telangana,India,2024-06-30
756,Sarthak,Kohli,Male,59,Srinagar,Kerala,India,2025-05-23
757,Timothy,Balakrishnan,Male,57,Madhyamgram,Uttar Pradesh,India,2025-06-28
758,Wyatt,Kala,Female,47,Chittoor,Uttar Pradesh,India,2026-01-13
759,Charita,Prashad,Male,46,Katihar,Haryana,India,2026-02-18
760,Vedika,Taneja,Male,38,Kalyan-Dombivli,Uttar Pradesh,India,2025-05-16
761,Jack,Handa,Female,50,Moradabad,Uttar Pradesh,India,2024-01-13
762,Alka,Kumar,Male,21,Hapur,Uttar Pradesh,India,2023-07-09
763,Tara,Bassi,Female,24,Mahbubnagar,Uttarakhand,India,2023-12-06
764,Kashish,Srinivasan,Female,63,Kishanganj,Haryana,India,2022-10-17
765,Falak,Chakrabarti,Male,50,Sri Ganganagar,Tripura,India,2024-05-01
766,Chanakya,Ranganathan,Male,20,Kollam,Karnataka,India,2023-04-10
767,Unni,Korpal,Male,63,Amritsar,Rajasthan,India,2023-07-14
768,Fitan,Krishnamurthy,Female,46,Haridwar,Tamil Nadu,India,2024-11-29
769,Widisha,Prabhu,Male,41,Noida,Manipur,India,2025-10-14
770,Yashoda,Ravi,Female,36,Thrissur,Uttar Pradesh,India,2025-06-05
771,Lila,Morar,Female,44,Bokaro,Rajasthan,India,2025-03-27
772,Sai,Iyer,Female,61,Amroha,Kerala,India,2022-12-10
773,Zaitra,Barad,Male,58,Kishanganj,Kerala,India,2024-03-14
774,Kavya,Vohra,Female,22,Tezpur,Himachal Pradesh,India,2024-05-07
775,Aadi,Palan,Female,24,Ghaziabad,Madhya Pradesh,India,2026-01-24
776,Victor,Sathe,Female,36,Gurgaon,Uttar Pradesh,India,2023-01-01
777,Anika,Sridhar,Female,64,Davanagere,Assam,India,2024-03-29
778,Samesh,Bhattacharyya,Male,39,Tezpur,Tamil Nadu,India,2022-11-12
779,Lucky,Sangha,Male,55,Guntur,Karnataka,India,2023-04-16
780,Hemal,Pal,Male,40,Farrukhabad,Haryana,India,2025-03-02
781,Indrajit,Varma,Female,59,Burhanpur,Tripura,India,2023-10-28
782,Jacob,Nayak,Female,26,Firozabad,Arunachal Pradesh,India,2025-01-08
783,Shivani,Issac,Male,37,Panvel,Andhra Pradesh,India,2025-05-13
784,Jeremiah,Doshi,Female,59,Hubli–Dharwad,Kerala,India,2024-11-13
785,Banjeet,Sagar,Female,26,Jorhat,Madhya Pradesh,India,2026-07-07
786,Ekiya,Patla,Male,59,Giridih,Jharkhand,India,2026-07-17
787,Inaya,Parikh,Female,50,Haldia,Himachal Pradesh,India,2023-11-11
788,Robert,Sinha,Female,19,Karaikudi,Meghalaya,India,2022-09-15
789,Deepa,Kapadia,Female,37,Davanagere,Maharashtra,India,2025-04-20
790,Naksh,Srinivas,Male,31,Mau,Uttar Pradesh,India,2025-02-06
791,Vasana,Saran,Female,49,Warangal,Haryana,India,2023-08-10
792,Amruta,Kala,Male,32,Mango,Assam,India,2022-11-28
793,Geetika,Kara,Male,27,Orai,Nagaland,India,2025-03-23
794,Ronith,Mani,Male,36,Pune,Tripura,India,2026-06-25
795,Imaran,Nadig,Male,50,Kavali,Manipur,India,2025-07-08
796,Yashica,Datta,Male,60,Guna,Meghalaya,India,2024-09-21
797,Chanakya,Bhasin,Female,57,Ranchi,Jharkhand,India,2026-05-17
798,Wriddhish,Bumb,Male,56,Madanapalle,Manipur,India,2023-06-06
799,Ranbir,Dhaliwal,Female,27,Sasaram,Karnataka,India,2025-04-12
800,Anirudh,Patel,Male,29,Khora ,Punjab,India,2025-01-01
801,Victor,Srinivasan,Male,64,Pali,Himachal Pradesh,India,2024-12-10
802,Ishwar,Kumar,Female,20,Dehradun,Gujarat,India,2022-08-09
803,Ethan,Hayre,Female,41,Adoni,Tamil Nadu,India,2024-01-16
804,Tristan,Hari,Male,46,Sangli-Miraj & Kupwad,Bihar,India,2025-05-29
805,Vedika,Bobal,Female,65,Deoghar,West Bengal,India,2025-01-29
806,Xiti,Kurian,Female,32,Secunderabad,Madhya Pradesh,India,2024-11-10
807,Aadi,Sidhu,Male,37,Chandrapur,Nagaland,India,2024-05-28
808,Ati,De,Female,30,Navi Mumbai,Maharashtra,India,2025-08-07
809,Samaksh,Chatterjee,Female,61,Bokaro,Tripura,India,2024-06-30
810,Samarth,Dhingra,Female,47,Surendranagar Dudhrej,Andhra Pradesh,India,2024-02-06
811,Yatan,Pingle,Female,42,Panchkula,West Bengal,India,2023-03-31
812,Henry,Radhakrishnan,Female,28,Kavali,Odisha,India,2024-03-14
813,Mason,Saran,Male,56,Navi Mumbai,Jharkhand,India,2022-08-30
814,Rayaan,Garg,Male,34,South Dumdum,Gujarat,India,2023-09-04
815,Devansh,Subramanian,Male,59,Ghaziabad,Tamil Nadu,India,2025-05-09
816,Nathan,Sabharwal,Female,41,Ambarnath,Tripura,India,2026-03-21
817,Girish,Parekh,Male,63,Mumbai,Goa,India,2024-08-09
818,Kabir,Rout,Male,36,Nangloi Jat,Mizoram,India,2026-01-10
819,Xalak,Maharaj,Male,28,Raichur,Sikkim,India,2024-02-14
820,Rishi,Wadhwa,Female,46,Pondicherry,Telangana,India,2024-01-15
821,Aarav,Behl,Male,45,Amravati,Odisha,India,2023-10-20
822,William,Rama,Male,32,Bhatpara,West Bengal,India,2024-01-02
823,Indrajit,Samra,Female,40,Jabalpur,Himachal Pradesh,India,2023-02-13
824,Vivaan,Panchal,Male,44,Bahraich,Maharashtra,India,2024-01-27
825,Manan,Oza,Male,43,Giridih,Bihar,India,2026-03-25
826,Niharika,Char,Female,33,Erode,Jharkhand,India,2025-03-21
827,Kamya,Modi,Female,23,Khammam,Arunachal Pradesh,India,2023-02-12
828,Anika,Anand,Female,32,Bhiwandi,Himachal Pradesh,India,2022-12-19
829,Vedant,Thakur,Male,38,Gulbarga,Tamil Nadu,India,2023-07-14
830,Irya,Walla,Male,63,Jorhat,Telangana,India,2025-05-09
831,Nihal,Das,Female,27,Farrukhabad,Nagaland,India,2024-03-30
832,Wahab,Jha,Male,20,Siwan,Bihar,India,2025-08-10
833,Yagnesh,Date,Female,48,Ozhukarai,Odisha,India,2024-05-30
834,Osha,Dua,Male,63,Udupi,Haryana,India,2026-07-03
835,Ishaan,Dugar,Female,46,Alappuzha,Haryana,India,2024-11-22
836,Zehaan,Krish,Male,23,Erode,Haryana,India,2025-03-25
837,William,Kalla,Male,34,Amroha,Tamil Nadu,India,2025-01-22
838,Ati,Mammen,Male,27,Bijapur,Haryana,India,2023-07-24
839,Krish,Shenoy,Female,25,Pali,Tripura,India,2024-04-16
840,Anika,Narang,Female,33,Nagaon,Odisha,India,2022-08-09
841,Liam,Basu,Female,25,Bahraich,West Bengal,India,2025-05-25
842,Diya,Bhardwaj,Male,33,Jabalpur,Tamil Nadu,India,2024-12-11
843,Qadim,Comar,Female,58,Chapra,Maharashtra,India,2026-02-03
844,Urvashi,Dalal,Female,22,Aizawl,Punjab,India,2023-12-23
845,Mitesh,Maharaj,Male,49,Jodhpur,West Bengal,India,2024-10-17
846,Irya,Yadav,Male,58,Jorhat,Punjab,India,2025-12-21
847,Tanish,Dada,Male,63,Korba,Haryana,India,2025-07-31
848,Lakshmi,Chadha,Male,36,Vasai-Virar,Meghalaya,India,2024-01-09
849,Max,Saha,Female,18,Patiala,Rajasthan,India,2025-03-05
850,Arya,Babu,Female,33,Jalgaon,Himachal Pradesh,India,2023-09-23
851,Caleb,Parmer,Female,29,Suryapet,Karnataka,India,2024-08-05
852,Inaya,Mand,Male,51,Bijapur,Bihar,India,2023-05-11
853,Onkar,Pau,Female,22,Arrah,Sikkim,India,2025-02-02
854,Ayush,Bala,Male,42,Rajahmundry,Kerala,India,2024-02-04
855,Chasmum,Bedi,Female,20,Delhi,Telangana,India,2024-10-05
856,Qadim,Rajagopalan,Female,41,Alappuzha,Uttar Pradesh,India,2023-11-22
857,Yauvani,Kothari,Female,65,Bettiah,Manipur,India,2023-05-20
858,Diya,Rattan,Male,40,Orai,Goa,India,2026-05-11
859,Max,Ahuja,Male,40,Sasaram,Sikkim,India,2026-06-03
860,Upma,Tailor,Male,64,Gudivada,Meghalaya,India,2024-03-31
861,Yamini,Sathe,Male,55,North Dumdum,Arunachal Pradesh,India,2024-04-10
862,Utkarsh,Doshi,Female,26,Anantapur,Bihar,India,2023-04-01
863,Avi,Sathe,Male,40,Munger,Telangana,India,2024-05-23
864,Hardik,Kala,Female,59,Belgaum,Tamil Nadu,India,2022-09-29
865,Ishanvi,Savant,Male,61,Muzaffarnagar,Gujarat,India,2024-05-04
866,Lakshmi,Borde,Female,62,Ambattur,Punjab,India,2026-03-12
867,Logan,Maharaj,Female,58,Dibrugarh,Gujarat,India,2025-03-20
868,Vasatika,Chand,Male,26,Nellore,Assam,India,2024-09-19
869,Manya,Malhotra,Male,63,Haldia,Telangana,India,2026-07-20
870,Meera,Hayre,Female,20,Kurnool,Chhattisgarh,India,2024-08-15
871,Januja,Chowdhury,Female,30,Kolkata,Chhattisgarh,India,2025-09-03
872,Jagrati,Sani,Male,30,Machilipatnam,Odisha,India,2025-09-23
873,Tanveer,Nadkarni,Male,38,Bellary,Tripura,India,2022-12-08
874,Yahvi,Tank,Female,50,Madurai,Assam,India,2026-06-26
875,Rachit,Deshpande,Female,52,Dindigul,Arunachal Pradesh,India,2024-04-05
876,Ekta,Gera,Female,34,Pali,Assam,India,2023-05-25
877,Aarnav,Acharya,Male,59,Pune,Rajasthan,India,2023-09-01
878,Amrita,Garg,Male,36,Jodhpur,Jharkhand,India,2023-04-06
879,Wriddhish,Wadhwa,Female,21,Bidhannagar,Tripura,India,2025-12-22
880,Pranit,Sha,Female,35,Hindupur,Mizoram,India,2025-02-18
881,Jeet,Bahri,Male,41,Muzaffarpur,Tamil Nadu,India,2026-05-29
882,Madhavi,Rattan,Female,43,Bhiwandi,Telangana,India,2026-03-26
883,Lakshit,Mukhopadhyay,Female,42,Rewa,Sikkim,India,2024-12-26
884,Netra,Raj,Female,29,Noida,Arunachal Pradesh,India,2022-12-17
885,Krish,Tripathi,Female,62,Kirari Suleman Nagar,Bihar,India,2025-11-06
886,Elijah,Bhatia,Female,41,Bangalore,Telangana,India,2025-05-25
887,Logan,Keer,Female,23,Dehradun,Assam,India,2024-01-31
888,Gopal,Edwin,Female,23,Naihati,Uttar Pradesh,India,2025-04-01
889,Qabil,Bobal,Female,56,Eluru,Himachal Pradesh,India,2026-05-20
890,Zilmil,Konda,Male,52,Muzaffarpur,Meghalaya,India,2023-04-23
891,Theodore,Choudhary,Female,38,Gandhidham,Odisha,India,2026-05-30
892,Ijaya,Krishnan,Male,23,Gandhidham,Meghalaya,India,2025-12-03
893,Devansh,Bali,Female,60,Visakhapatnam,Odisha,India,2023-10-26
894,Aditya,Naik,Female,37,Vijayawada,Karnataka,India,2025-10-01
895,Xalak,Malhotra,Female,56,Kirari Suleman Nagar,Andhra Pradesh,India,2025-07-31
896,Om,Dixit,Female,28,Narasaraopet,West Bengal,India,2023-06-22
897,Varsha,Swamy,Female,40,Tiruvottiyur,Uttarakhand,India,2022-11-09
898,Warda,Parikh,Female,20,Bathinda,Jharkhand,India,2023-10-04
899,Upma,Dewan,Female,57,Thiruvananthapuram,Telangana,India,2023-04-03
900,Charan,Bhatti,Female,35,Raebareli,Andhra Pradesh,India,2023-03-31
901,Victor,Kala,Male,22,Alappuzha,Nagaland,India,2025-02-13
902,Chaman,Mann,Female,41,Patiala,West Bengal,India,2024-03-17
903,Arin,Srinivas,Male,19,Ambarnath,Arunachal Pradesh,India,2024-07-01
904,Ayush,Wadhwa,Male,56,Surendranagar Dudhrej,Bihar,India,2023-09-30
905,Jason,Mishra,Female,20,Rajpur Sonarpur,Nagaland,India,2024-04-29
906,Barkha,Mani,Male,22,Deoghar,Himachal Pradesh,India,2023-01-23
907,Champak,Desai,Male,59,Kanpur,Punjab,India,2023-06-27
908,Zaid,Date,Female,41,Bareilly,Telangana,India,2026-08-02
909,Eiravati,Bakshi,Female,54,Ramgarh,Nagaland,India,2024-04-26
910,Qarin,Sood,Male,56,Nashik,Meghalaya,India,2023-09-07
911,Faraj,Vala,Male,61,Panvel,Odisha,India,2022-10-09
912,Bhavini,Prakash,Female,41,Hajipur,Punjab,India,2026-07-28
913,Christopher,Swaminathan,Female,46,Faridabad,Jharkhand,India,2025-02-02
914,Sneha,Panchal,Male,54,Anand,Tamil Nadu,India,2026-05-19
915,Darsh,Nair,Male,51,Phagwara,Gujarat,India,2024-06-02
916,Osha,Bahl,Female,43,Bhiwani,Telangana,India,2025-06-05
917,Liam,Mannan,Female,59,Sagar,Tripura,India,2025-07-15
918,Chakrika,Sarin,Female,33,Amritsar,Meghalaya,India,2025-03-19
919,Amrita,Singh,Male,19,Arrah,Rajasthan,India,2023-05-10
920,Zehaan,Patil,Male,49,Jabalpur,Assam,India,2025-12-01
921,Barkha,Sathe,Female,53,Tinsukia,Assam,India,2026-04-16
922,George,Bora,Male,34,Cuttack,Arunachal Pradesh,India,2024-09-19
923,Teerth,Dixit,Female,63,Amravati,Haryana,India,2024-07-27
924,Jackson,Agarwal,Female,31,Karimnagar,Tamil Nadu,India,2022-11-14
925,Chandran,Bhakta,Female,62,Belgaum,Uttarakhand,India,2024-01-14
926,Manbir,Dyal,Female,30,New Delhi,Andhra Pradesh,India,2023-12-25
927,Janaki,Taneja,Male,26,Mira-Bhayandar,Goa,India,2024-06-27
928,Falan,Bhat,Male,46,Ballia,Andhra Pradesh,India,2025-02-02
929,Logan,Karan,Male,63,Alappuzha,Madhya Pradesh,India,2025-09-04
930,Harsh,Majumdar,Female,23,Guntur,Sikkim,India,2025-08-08
931,Hitesh,Memon,Female,60,Bangalore,Goa,India,2022-08-19
932,Onveer,Kapur,Female,63,Danapur,Haryana,India,2022-12-10
933,Harita,Edwin,Male,53,Bikaner,Chhattisgarh,India,2026-07-04
934,Hemangini,Bail,Female,37,Ichalkaranji,Andhra Pradesh,India,2024-11-27
935,Hredhaan,Gola,Male,63,Jodhpur,Rajasthan,India,2023-11-07
936,Megha,Gala,Male,41,Jabalpur,Maharashtra,India,2023-03-31
937,Amaira,Zacharia,Male,25,Khora ,Manipur,India,2023-10-01
938,Zayan,Shankar,Male,26,Madhyamgram,Goa,India,2026-03-08
939,Kamya,Luthra,Male,49,Silchar,West Bengal,India,2026-07-02
940,Vrishti,Randhawa,Male,41,Kakinada,Mizoram,India,2024-07-15
941,Janani,Varma,Female,47,Mehsana,Arunachal Pradesh,India,2024-06-15
942,Xavier,Bhatt,Male,57,Mangalore,Andhra Pradesh,India,2024-04-06
943,Qarin,Comar,Male,22,Secunderabad,Mizoram,India,2025-02-27
944,Aradhana,Sunder,Female,43,Serampore,Kerala,India,2023-09-01
945,Balvan,Pandya,Female,51,Gandhidham,Manipur,India,2022-10-06
946,Bimala,Gopal,Female,44,Rajkot,Jharkhand,India,2025-08-02
947,Manthan,Soman,Male,26,Sikar,Gujarat,India,2023-09-17
948,Hiral,Baria,Female,59,Vellore,Mizoram,India,2022-08-29
949,Gaurang,Bala,Male,46,Dewas,Uttar Pradesh,India,2025-06-10
950,Lopa,Borah,Female,61,Sri Ganganagar,Assam,India,2025-12-31
951,Lavanya,Ravi,Female,26,Thoothukudi,Sikkim,India,2025-07-01
952,Aditya,Brahmbhatt,Male,26,Gaya,Goa,India,2023-02-26
953,Sai,Keer,Female,50,Raurkela Industrial Township,Punjab,India,2023-11-16
954,Qadim,Narayan,Male,25,Jamnagar,Sikkim,India,2025-01-22
955,Madhavi,Dasgupta,Male,37,Jorhat,Punjab,India,2025-01-05
956,Priya,Saraf,Male,28,Giridih,Odisha,India,2024-08-11
957,Balveer,Keer,Female,63,Darbhanga,Manipur,India,2022-08-25
958,Yashoda,Pingle,Male,40,Aizawl,Bihar,India,2024-01-12
959,Aachal,Sandhu,Female,23,Amritsar,Arunachal Pradesh,India,2024-09-01
960,Sneha,Bajwa,Female,30,Dehri,Jharkhand,India,2025-04-19
961,Varsha,Ganesan,Female,26,Bhilwara,Bihar,India,2022-12-09
962,Upadhriti,Sanghvi,Female,57,Katihar,Gujarat,India,2024-04-03
963,Chatresh,Ray,Male,50,Shimla,Nagaland,India,2024-06-15
964,Varsha,Singhal,Male,55,Bokaro,Arunachal Pradesh,India,2025-02-16
965,Ekavir,Dash,Male,28,Dehradun,Goa,India,2022-08-27
966,Maanav,Kamdar,Female,54,Chandigarh,Andhra Pradesh,India,2023-09-10
967,Gautam,Patel,Male,19,Orai,Himachal Pradesh,India,2023-01-10
968,Alka,Talwar,Male,20,Firozabad,Meghalaya,India,2025-11-11
969,Timothy,Ramakrishnan,Female,59,Belgaum,Nagaland,India,2025-03-18
970,Jeremiah,Rajagopal,Male,54,Anantapur,Nagaland,India,2025-12-23
971,Thomas,Mangat,Female,57,Panihati,Tripura,India,2023-09-23
972,Pratyush,Kota,Male,49,Jabalpur,Gujarat,India,2026-01-01
973,Krish,Nadkarni,Female,59,Bikaner,Andhra Pradesh,India,2024-09-29
974,Umang,Thaker,Female,48,Muzaffarnagar,Nagaland,India,2025-05-15
975,Widisha,Kashyap,Male,61,Pali,Sikkim,India,2026-04-07
976,Harini,Morar,Female,37,Firozabad,Andhra Pradesh,India,2026-07-30
977,Mugdha,Tata,Female,22,Tinsukia,Tripura,India,2026-03-09
978,Netra,Karnik,Male,28,Panchkula,Bihar,India,2026-07-02
979,Sai,Srinivas,Female,44,Varanasi,Gujarat,India,2024-10-25
980,Naveen,Venkatesh,Female,47,Kurnool,Uttar Pradesh,India,2024-01-29
981,Falguni,Sur,Male,39,Raiganj,Karnataka,India,2026-02-05
982,Tristan,Bedi,Male,38,Unnao,Jharkhand,India,2022-08-25
983,Quincy,Date,Female,64,Karawal Nagar,Karnataka,India,2023-08-01
984,Onkar,Thakur,Female,43,Jhansi,Arunachal Pradesh,India,2023-11-04
985,Jagrati,Mannan,Male,41,Bettiah,Chhattisgarh,India,2022-11-21
986,Caleb,Rajan,Male,38,Ratlam,Kerala,India,2024-06-18
987,Rachita,Nagar,Male,47,Aurangabad,Mizoram,India,2025-08-04
988,Aachal,Srinivas,Male,35,Tiruchirappalli,Andhra Pradesh,India,2023-05-18
989,Darsh,Rau,Female,33,Bharatpur,Maharashtra,India,2022-10-19
990,Akshay,Seth,Male,24,Saharsa,Meghalaya,India,2026-01-03
991,Saanvi,Wali,Male,36,Jammu,Madhya Pradesh,India,2023-06-17
992,Frederick,Dara,Female,57,Phusro,Himachal Pradesh,India,2023-08-06
993,Leela,Dhillon,Female,33,Mathura,Odisha,India,2024-11-06
994,Bishakha,Dugal,Male,38,Guna,Sikkim,India,2025-02-11
995,Arunima,Cheema,Female,30,Alappuzha,Uttar Pradesh,India,2024-04-10
996,Yachana,Arora,Male,49,Jabalpur,Tamil Nadu,India,2023-06-27
997,Indali,Nori,Female,49,Ludhiana,Odisha,India,2026-04-14
998,Aashi,Kata,Female,49,Ratlam,Chhattisgarh,India,2025-09-14
999,Urvi,Sibal,Male,23,Raichur,West Bengal,India,2025-07-29
1000,Xavier,Wali,Female,50,Jabalpur,Andhra Pradesh,India,2025-09-09
