return_id,order_item_id,return_reason,return_date,refund_amount
1,12,Damaged,2025-10-14,4063.89
2,28,Damaged,2025-08-19,8194.67
3,31,Damaged,2025-10-12,15263.11
4,33,Damaged,2026-07-07,2255.39
5,41,Damaged,2025-10-03,12305.59
6,106,Damaged,2026-07-03,2715.51
7,124,Damaged,2025-09-12,12171.85
8,150,Damaged,2025-11-29,636.11
9,157,Damaged,2026-05-21,19703.94
10,163,Damaged,2026-04-16,18274.71
11,168,Damaged,2025-08-10,17433.21
12,175,Damaged,2026-06-11,5928.77
13,178,Damaged,2026-01-28,2338.94
14,184,Damaged,2025-11-17,15460.4
15,190,Damaged,2025-11-11,1573.06
16,197,Damaged,2026-01-23,12284.87
17,210,Damaged,2026-05-07,21636.29
18,244,Damaged,2026-01-25,7542.67
19,260,Damaged,2026-02-18,20113.92
20,273,Damaged,2025-08-12,24744.79
21,280,Damaged,2026-01-05,744.08
22,289,Damaged,2025-08-16,2331.2
23,296,Damaged,2026-03-10,820.23
24,298,Damaged,2025-09-09,7619.42
25,300,Damaged,2026-01-11,2424.82
26,324,Damaged,2025-12-10,31651.41
27,325,Damaged,2026-02-19,17512.77
28,329,Damaged,2025-10-30,19724.34
29,335,Damaged,2025-12-19,8508.75
30,342,Damaged,2026-04-23,12766.3
31,349,Damaged,2026-07-19,5516.85
32,365,Damaged,2025-08-11,12758.24
33,368,Damaged,2026-03-01,2596.59
34,377,Damaged,2026-03-31,12651.4
35,382,Damaged,2026-02-19,7110.87
36,395,Damaged,2026-03-10,15327.61
37,418,Damaged,2025-08-12,4916.85
38,426,Damaged,2025-12-08,23124.0
39,427,Damaged,2026-02-18,5427.97
40,428,Damaged,2026-02-20,6788.33
41,441,Damaged,2026-01-22,956.39
42,481,Damaged,2025-08-22,9290.84
43,486,Damaged,2026-06-08,16354.79
44,488,Damaged,2025-10-02,5336.71
45,490,Damaged,2025-09-01,1570.06
46,493,Damaged,2025-11-08,4894.56
47,502,Damaged,2025-09-04,1833.31
48,512,Damaged,2026-01-13,6074.43
49,516,Damaged,2026-03-27,6454.76
50,524,Damaged,2025-08-22,8189.52
51,529,Damaged,2026-03-10,5846.54
52,530,Damaged,2026-04-29,2547.57
53,531,Damaged,2026-06-16,16057.8
54,546,Damaged,2026-02-15,7112.71
55,556,Damaged,2026-04-07,5344.29
56,565,Damaged,2025-11-13,8490.65
57,575,Damaged,2025-08-25,8099.58
58,579,Damaged,2026-05-25,19718.8
59,586,Damaged,2025-08-26,5024.69
60,587,Damaged,2025-08-15,993.06
61,590,Damaged,2025-10-15,723.11
62,624,Damaged,2026-04-10,11647.85
63,638,Damaged,2026-04-04,15452.67
64,644,Damaged,2026-05-20,14004.12
65,669,Damaged,2026-05-24,1511.5
66,674,Damaged,2025-12-13,5022.1
67,679,Damaged,2026-07-12,4806.32
68,688,Damaged,2026-04-17,4568.56
69,689,Damaged,2025-11-08,14086.37
70,700,Damaged,2026-05-10,14587.9
71,703,Damaged,2025-08-25,4073.34
72,733,Damaged,2026-02-20,903.19
73,742,Damaged,2026-03-22,267.37
74,760,Damaged,2026-05-25,4571.0
75,764,Damaged,2026-02-13,12286.32
76,769,Damaged,2025-11-16,1350.07
77,777,Damaged,2026-04-19,19598.99
78,783,Damaged,2025-12-21,2008.75
79,788,Damaged,2025-11-02,19417.0
80,812,Damaged,2026-02-16,11058.71
81,814,Damaged,2026-05-23,21013.92
82,840,Damaged,2025-11-14,5730.02
83,846,Damaged,2026-07-28,3040.51
84,847,Damaged,2026-05-11,2761.03
85,850,Damaged,2025-10-02,501.92
86,855,Damaged,2025-12-22,7897.02
87,870,Damaged,2025-08-07,7407.69
88,871,Damaged,2025-10-14,2605.34
89,891,Damaged,2026-04-21,4423.65
90,896,Damaged,2026-01-28,7223.43
91,898,Damaged,2026-03-08,7537.12
92,909,Damaged,2026-03-04,589.31
93,913,Damaged,2025-10-23,1342.52
94,917,Damaged,2025-12-11,3426.28
95,920,Damaged,2025-08-25,1000.18
96,924,Damaged,2025-08-12,3726.11
97,927,Damaged,2025-08-29,7797.79
98,928,Damaged,2026-03-30,25598.7
99,930,Damaged,2025-10-15,21260.46
100,935,Damaged,2025-10-03,2945.82
101,951,Damaged,2026-03-28,4914.24
102,955,Damaged,2026-07-14,6280.23
103,964,Damaged,2025-11-23,4418.78
104,969,Damaged,2025-12-05,15264.34
105,971,Damaged,2025-10-10,19738.71
106,977,Damaged,2025-08-06,15077.96
107,979,Damaged,2026-03-31,5989.39
108,983,Damaged,2025-11-15,4863.34
109,986,Damaged,2026-07-14,3465.6
110,1008,Damaged,2026-04-09,23130.77
111,1010,Damaged,2026-05-15,5523.66
112,1025,Damaged,2025-12-22,8140.69
113,1030,Damaged,2026-03-09,14376.72
114,1035,Damaged,2026-03-15,1906.86
115,1043,Damaged,2025-11-14,12758.87
116,1045,Damaged,2026-08-03,16210.32
117,1067,Damaged,2026-04-08,3262.82
118,1078,Damaged,2026-06-09,1564.55
119,1087,Damaged,2026-06-19,23087.87
120,1103,Damaged,2025-08-09,7538.1
121,1111,Damaged,2026-01-22,17351.03
122,1120,Damaged,2026-05-18,1448.96
123,1128,Damaged,2025-11-09,7655.82
124,1131,Damaged,2026-07-23,4349.32
125,1138,Damaged,2025-10-18,7233.84
126,1140,Damaged,2025-10-04,3515.84
127,1145,Damaged,2026-03-02,20929.56
128,1149,Damaged,2025-11-17,9791.83
129,1153,Damaged,2026-07-24,877.53
130,1167,Damaged,2026-06-24,7895.99
131,1168,Damaged,2026-06-06,3820.82
132,1218,Damaged,2026-05-24,2627.37
133,1223,Damaged,2026-02-23,13600.54
134,1237,Damaged,2025-09-24,5774.6
135,1287,Damaged,2025-09-30,10722.41
136,1300,Damaged,2025-08-13,13578.32
137,1302,Damaged,2025-12-30,2580.11
138,1308,Damaged,2026-01-01,4641.92
139,1332,Damaged,2025-10-17,11667.61
140,1346,Damaged,2025-08-26,638.32
141,1347,Damaged,2025-09-29,1346.97
142,1354,Damaged,2025-10-29,10392.04
143,1360,Damaged,2025-12-18,2366.35
144,1390,Damaged,2026-06-01,6771.63
145,1427,Damaged,2025-11-29,20926.1
146,1446,Damaged,2025-10-07,342.76
147,1455,Damaged,2025-12-17,18900.32
148,1462,Damaged,2026-06-28,3730.9
149,1474,Damaged,2026-06-27,10692.78
150,1510,Damaged,2026-05-05,9682.66
151,1511,Damaged,2025-10-24,7775.54
152,1513,Damaged,2026-05-19,7548.43
153,1517,Damaged,2025-08-30,2364.47
154,1536,Damaged,2025-11-05,4942.73
155,1552,Damaged,2026-01-19,2583.08
156,1562,Damaged,2026-04-13,2265.06
157,1563,Damaged,2026-02-28,22687.36
158,1564,Damaged,2025-09-25,7961.83
159,1576,Damaged,2026-05-12,4555.29
160,1577,Damaged,2026-04-10,10055.58
161,1582,Damaged,2026-02-22,12838.49
162,1584,Damaged,2026-07-23,11259.1
163,1614,Damaged,2025-10-16,6281.43
164,1616,Damaged,2026-07-18,9849.22
165,1653,Damaged,2026-04-12,10297.31
166,1654,Damaged,2026-03-29,14423.49
167,1663,Damaged,2026-02-09,2633.23
168,1670,Damaged,2026-06-25,1097.17
169,1678,Damaged,2025-11-26,10073.72
170,1695,Damaged,2026-06-25,19446.83
171,1699,Damaged,2026-05-02,5647.99
172,1710,Damaged,2026-01-29,28031.63
173,1717,Damaged,2026-07-06,16292.83
174,1751,Damaged,2026-03-13,16981.16
175,1787,Damaged,2026-03-03,11020.89
176,1800,Damaged,2025-11-04,5620.47
177,1831,Damaged,2026-05-11,3628.61
178,1852,Damaged,2025-12-03,25084.54
179,1853,Damaged,2025-08-23,6084.42
180,1862,Damaged,2025-12-26,5668.8
181,1870,Damaged,2026-03-13,2783.29
182,1876,Damaged,2026-03-27,2412.51
183,1879,Damaged,2026-03-20,11841.84
184,1887,Damaged,2025-12-06,7536.42
185,1895,Damaged,2026-07-26,1911.29
186,1904,Damaged,2026-06-06,4824.39
187,1910,Damaged,2025-10-08,20919.51
188,1918,Damaged,2026-02-15,12802.77
189,1924,Damaged,2026-03-11,5614.84
190,1931,Damaged,2025-10-06,6822.53
191,1932,Damaged,2026-02-23,14876.1
192,1933,Damaged,2025-09-24,10688.77
193,1948,Damaged,2026-01-25,5541.27
194,1953,Damaged,2026-05-07,3292.24
195,1962,Damaged,2026-07-17,17550.99
196,2000,Damaged,2025-09-28,539.4
197,2005,Damaged,2025-11-09,288.59
198,2014,Damaged,2026-01-27,11868.03
199,2015,Damaged,2026-01-22,5646.4
200,2022,Damaged,2025-11-02,18992.16
201,2032,Damaged,2025-12-26,7464.36
202,2035,Damaged,2026-08-02,6787.68
203,2043,Damaged,2026-07-30,7372.87
204,2070,Damaged,2025-08-05,31644.36
205,2072,Damaged,2026-07-07,4576.44
206,2104,Damaged,2026-07-19,6777.76
207,2113,Damaged,2026-04-08,6283.62
208,2145,Damaged,2026-02-16,9321.17
209,2169,Damaged,2026-06-05,6407.1
210,2176,Damaged,2025-08-15,731.53
211,2183,Damaged,2025-10-07,1075.3
212,2196,Damaged,2026-01-30,12295.53
213,2202,Damaged,2026-03-18,14081.05
214,2213,Damaged,2025-09-07,20239.88
215,2216,Damaged,2026-05-21,21707.7
216,2218,Damaged,2025-08-29,22833.87
217,2228,Damaged,2026-08-02,21973.91
218,2237,Damaged,2025-11-14,8801.31
219,2248,Damaged,2026-06-10,10349.91
220,2274,Damaged,2025-12-10,19592.43
221,2301,Damaged,2025-08-05,14729.77
222,2306,Damaged,2026-05-10,7264.36
223,2309,Damaged,2025-11-14,18274.34
224,2318,Damaged,2026-04-17,29077.73
225,2320,Damaged,2026-02-20,4431.24
226,2343,Damaged,2025-08-10,6999.82
227,2361,Damaged,2026-07-29,21118.33
228,2366,Damaged,2025-11-06,6487.82
229,2368,Damaged,2025-09-21,2259.18
230,2382,Damaged,2026-04-19,21353.7
231,2385,Damaged,2025-12-18,963.55
232,2386,Damaged,2025-08-06,20021.88
233,2398,Damaged,2026-06-12,18900.62
234,2422,Damaged,2026-03-06,3152.06
235,2443,Damaged,2026-02-11,2594.95
236,2468,Damaged,2026-07-19,14880.86
237,2479,Damaged,2026-03-29,21347.42
238,2480,Damaged,2026-07-18,10168.18
239,2492,Damaged,2025-12-14,3080.62
240,2498,Damaged,2025-11-16,7686.18
241,2507,Damaged,2025-12-19,6934.3
242,2524,Damaged,2026-03-28,2010.21
243,2527,Damaged,2026-04-30,6261.28
244,2531,Damaged,2026-01-31,5398.24
245,2549,Damaged,2026-07-31,5077.75
246,2552,Damaged,2026-03-15,18261.36
247,2560,Damaged,2025-09-15,10700.63
248,2561,Damaged,2025-12-15,13604.82
249,2564,Damaged,2025-12-14,11306.43
250,2575,Damaged,2025-08-10,3571.59
251,2577,Damaged,2025-11-03,11308.93
252,2603,Damaged,2026-07-27,588.79
253,2622,Damaged,2026-04-10,2594.35
254,2625,Damaged,2026-07-10,5012.77
255,2656,Damaged,2025-10-04,1102.45
256,2657,Damaged,2026-06-30,11440.98
257,2660,Damaged,2025-11-08,6082.39
258,2671,Damaged,2025-08-26,16635.03
259,2674,Damaged,2026-01-12,12309.52
260,2677,Damaged,2025-10-09,840.37
261,2692,Damaged,2025-11-25,3000.52
262,2714,Damaged,2025-10-29,2585.81
263,2717,Damaged,2026-04-20,1355.84
264,2729,Damaged,2025-12-27,19416.27
265,2750,Damaged,2026-06-21,5218.9
266,2755,Damaged,2025-09-29,5724.66
267,2773,Damaged,2026-03-14,6084.41
268,2775,Damaged,2026-01-29,4406.08
269,2803,Damaged,2025-12-03,5371.69
270,2806,Damaged,2026-06-29,833.27
271,2825,Damaged,2025-09-17,11291.53
272,2827,Damaged,2025-09-03,20120.44
273,2831,Damaged,2025-11-23,4946.48
274,2833,Damaged,2026-02-17,6272.56
275,2835,Damaged,2025-11-21,9399.04
276,2843,Damaged,2026-07-18,20095.25
277,2852,Damaged,2025-08-13,2166.57
278,2853,Damaged,2026-02-11,1243.05
279,2855,Damaged,2025-10-07,2602.11
280,2876,Damaged,2026-04-09,5016.02
281,2886,Damaged,2026-07-31,10630.67
282,2915,Damaged,2026-05-20,25960.38
283,2918,Damaged,2025-11-09,7261.74
284,2923,Damaged,2025-10-07,11534.44
285,2936,Damaged,2025-08-25,7817.84
286,2940,Damaged,2026-07-31,3760.91
287,2951,Damaged,2026-04-08,6714.0
288,2953,Damaged,2025-09-11,5447.67
289,2954,Damaged,2025-09-25,10464.4
290,2957,Damaged,2026-01-23,21257.6
291,2986,Damaged,2026-06-04,4703.95
292,3004,Damaged,2026-08-05,6189.57
293,3024,Damaged,2025-12-15,6475.06
294,3025,Damaged,2026-07-17,5117.85
295,3027,Damaged,2026-06-05,7292.94
296,3079,Damaged,2026-03-02,7880.14
297,3080,Damaged,2025-09-09,16983.59
298,3087,Damaged,2026-05-09,4525.66
299,3109,Damaged,2026-04-07,6762.1
300,3123,Damaged,2025-09-04,17731.6
301,3125,Damaged,2026-01-21,1241.57
302,3132,Damaged,2026-03-23,5446.93
303,3137,Damaged,2025-11-24,1938.41
304,3153,Damaged,2025-11-11,7040.23
305,3156,Damaged,2025-11-10,6463.45
306,3159,Damaged,2025-08-09,2791.68
307,3160,Damaged,2026-07-09,11107.56
308,3177,Damaged,2026-07-17,1577.47
309,3179,Damaged,2026-06-25,4396.1
310,3181,Damaged,2025-09-18,957.59
311,3185,Damaged,2025-09-14,10843.5
312,3200,Damaged,2025-10-23,12825.87
313,3205,Damaged,2026-07-21,3765.45
314,3222,Damaged,2026-03-22,4679.24
315,3223,Damaged,2026-03-31,4686.26
316,3225,Damaged,2026-06-04,5656.15
317,3230,Damaged,2025-12-02,659.72
318,3234,Damaged,2026-03-02,20613.65
319,3274,Damaged,2026-01-20,191.36
320,3304,Damaged,2025-10-27,2336.17
321,3317,Damaged,2026-03-21,13896.12
322,3336,Damaged,2025-08-11,10260.11
323,3351,Damaged,2025-08-05,6189.52
324,3359,Damaged,2026-06-27,6489.13
325,3368,Damaged,2025-11-11,7149.15
326,3377,Damaged,2026-01-17,9320.94
327,3385,Damaged,2026-01-26,6100.07
328,3392,Damaged,2026-04-13,16593.97
329,3397,Damaged,2026-04-27,6484.4
330,3427,Damaged,2025-08-25,24339.71
331,3447,Damaged,2025-10-14,4570.47
332,3454,Damaged,2025-08-25,787.81
333,3464,Damaged,2026-06-12,29072.8
334,3470,Damaged,2026-03-01,22028.77
335,3488,Damaged,2026-02-08,3061.03
336,3489,Damaged,2026-05-18,6263.41
337,3490,Damaged,2025-09-07,5349.96
338,3514,Damaged,2026-06-04,10244.45
339,3526,Damaged,2026-03-04,17934.94
340,3530,Damaged,2025-08-25,2256.22
341,3575,Damaged,2025-11-13,22613.44
342,3589,Damaged,2026-06-25,7137.59
343,3595,Damaged,2026-05-07,14454.77
344,3600,Damaged,2026-01-14,9116.78
345,3605,Damaged,2026-03-19,8805.56
346,3613,Damaged,2025-10-28,4565.42
347,3618,Damaged,2026-08-05,2507.44
348,3620,Damaged,2025-09-27,5651.74
349,3623,Damaged,2026-03-27,10698.03
350,3629,Damaged,2025-11-29,6439.1
351,3635,Damaged,2025-10-09,3094.41
352,3639,Damaged,2025-11-08,3622.38
353,3645,Damaged,2025-08-31,8876.18
354,3656,Damaged,2026-06-01,24339.85
355,3676,Damaged,2025-09-01,1580.52
356,3681,Damaged,2026-01-12,8840.09
357,3684,Damaged,2026-03-10,19734.29
358,3693,Damaged,2026-01-27,7525.9
359,3705,Damaged,2026-01-28,11845.41
360,3723,Damaged,2026-04-01,6788.5
361,3741,Damaged,2026-06-02,21833.62
362,3744,Damaged,2025-12-07,4939.25
363,3763,Damaged,2026-03-29,7100.03
364,3764,Damaged,2025-11-15,25084.17
365,3768,Damaged,2025-12-08,6770.91
366,3769,Damaged,2026-07-24,239.07
367,3779,Damaged,2026-06-20,5920.28
368,3780,Damaged,2026-07-27,966.15
369,3781,Damaged,2026-03-11,8509.95
370,3782,Damaged,2026-07-26,14731.01
371,3788,Damaged,2026-01-25,12066.98
372,3812,Damaged,2025-10-30,7545.32
373,3822,Damaged,2026-05-29,5223.32
374,3825,Damaged,2025-08-26,24472.39
375,3827,Damaged,2026-03-10,18899.59
376,3830,Damaged,2025-08-23,826.86
377,3849,Damaged,2026-05-04,9066.8
378,3850,Damaged,2026-04-14,3074.15
379,3863,Damaged,2025-10-29,4676.83
380,3868,Damaged,2026-04-10,4081.61
381,3872,Damaged,2026-01-16,23130.69
382,3876,Damaged,2026-07-10,6174.88
383,3906,Damaged,2025-08-13,1932.12
384,3915,Damaged,2026-07-27,826.13
385,3918,Damaged,2026-05-12,11462.4
386,3932,Damaged,2025-10-10,5827.21
387,3940,Damaged,2025-09-20,15078.4
388,3954,Damaged,2025-09-05,22195.99
389,3959,Damaged,2026-07-25,25313.83
390,3974,Damaged,2025-11-14,8790.62
391,3984,Damaged,2026-04-01,10944.34
392,3992,Damaged,2025-12-02,10697.05
393,4004,Damaged,2025-11-17,16270.57
394,4016,Damaged,2025-10-12,14580.47
395,4025,Damaged,2026-02-07,5971.33
396,4048,Damaged,2026-04-13,5622.8
397,4062,Damaged,2026-02-04,666.71
398,4071,Damaged,2025-11-03,10948.42
399,4075,Damaged,2026-05-02,11339.22
400,4078,Damaged,2026-07-06,2426.69
401,4105,Damaged,2026-03-24,5831.89
402,4116,Damaged,2026-07-14,13267.77
403,4120,Damaged,2026-05-30,1337.47
404,4131,Damaged,2025-11-23,8892.79
405,4135,Damaged,2025-09-27,10421.14
406,4144,Damaged,2026-02-07,9724.15
407,4145,Damaged,2025-10-25,443.08
408,4151,Damaged,2025-09-04,5432.8
409,4155,Damaged,2025-09-24,9142.48
410,4164,Damaged,2026-01-30,2289.21
411,4168,Damaged,2025-11-07,1712.82
412,4177,Damaged,2025-11-21,21411.98
413,4188,Damaged,2026-05-25,16532.6
414,4215,Damaged,2026-03-19,5976.28
415,4218,Damaged,2026-05-04,12304.5
416,4223,Damaged,2025-11-22,10457.26
417,4236,Damaged,2025-08-15,1330.77
418,4241,Damaged,2026-01-12,14177.55
419,4251,Damaged,2025-12-30,10907.7
420,4261,Damaged,2026-02-06,6731.33
421,4262,Damaged,2026-01-08,24351.05
422,4274,Damaged,2026-03-06,7902.43
423,4285,Damaged,2025-11-08,1702.82
424,4286,Damaged,2026-07-18,10425.43
425,4291,Damaged,2025-08-11,17624.68
426,4294,Damaged,2026-01-12,9749.08
427,4313,Damaged,2025-12-23,3578.94
428,4315,Damaged,2026-04-05,14247.51
429,4322,Damaged,2025-08-06,4891.38
430,4331,Damaged,2025-09-10,4238.67
431,4335,Damaged,2026-03-21,783.17
432,4338,Damaged,2025-10-03,447.88
433,4340,Damaged,2025-10-31,7199.15
434,4344,Damaged,2025-09-01,12923.72
435,4345,Damaged,2026-04-21,1327.65
436,4347,Damaged,2026-02-21,4847.08
437,4348,Damaged,2026-05-04,2163.58
438,4350,Damaged,2026-03-01,15823.65
439,4351,Damaged,2025-09-05,5892.86
440,4355,Damaged,2025-10-29,22604.4
441,4364,Damaged,2026-06-12,5810.57
442,4374,Damaged,2026-06-13,19647.26
443,4386,Damaged,2026-07-27,3731.36
444,4387,Damaged,2025-09-22,6177.43
445,4392,Damaged,2025-11-16,25614.84
446,4394,Damaged,2025-12-18,1177.89
447,4419,Damaged,2025-09-28,12289.97
448,4468,Damaged,2026-06-23,1328.92
449,4475,Damaged,2026-07-22,14729.8
450,4479,Damaged,2026-07-28,16524.94
451,4503,Damaged,2026-06-22,12360.1
452,4529,Damaged,2025-10-28,1330.08
453,4532,Damaged,2025-08-29,10982.69
454,4533,Damaged,2026-06-02,6972.67
455,4545,Damaged,2026-02-01,15813.35
456,4581,Damaged,2025-11-03,2502.87
457,4586,Damaged,2026-07-20,1548.31
458,4609,Damaged,2025-12-02,6184.57
459,4610,Damaged,2025-10-02,12082.24
460,4613,Damaged,2025-12-10,14253.53
461,4615,Damaged,2025-12-01,2242.03
462,4617,Damaged,2025-12-28,3946.18
463,4629,Damaged,2026-01-01,7956.09
464,4633,Damaged,2026-02-20,3449.22
465,4634,Damaged,2026-05-06,12169.2
466,4644,Damaged,2025-08-17,10469.22
467,4653,Damaged,2026-03-07,6145.07
468,4665,Damaged,2026-05-21,10374.0
469,4674,Damaged,2025-10-25,19383.49
470,4700,Damaged,2026-05-29,5223.99
471,4721,Damaged,2026-01-14,1851.96
472,4722,Damaged,2025-08-29,4857.97
473,4729,Damaged,2025-12-12,5014.06
474,4740,Damaged,2026-03-14,14265.41
475,4749,Damaged,2025-10-27,1817.0
476,4752,Damaged,2026-06-06,24367.6
477,4763,Damaged,2025-11-10,9137.62
478,4766,Damaged,2026-05-31,22029.31
479,4771,Damaged,2026-06-02,2857.11
480,4773,Damaged,2026-05-01,13565.62
481,4778,Damaged,2026-04-23,9753.01
482,4782,Damaged,2026-06-22,7127.52
483,4787,Damaged,2026-04-07,3755.42
484,4791,Damaged,2026-01-26,5525.14
485,4802,Damaged,2026-05-13,5498.65
486,4818,Damaged,2026-03-30,3058.68
487,4820,Damaged,2026-06-19,4888.92
488,4836,Damaged,2026-03-19,6136.93
489,4858,Damaged,2026-06-15,715.12
490,4861,Damaged,2026-04-03,480.41
491,4868,Damaged,2026-05-07,5912.64
492,4898,Damaged,2026-06-03,12523.79
493,4902,Damaged,2026-01-04,4558.03
494,4914,Damaged,2026-01-29,5725.26
495,4926,Damaged,2026-03-16,4719.01
496,4947,Damaged,2025-09-10,5028.69
497,4949,Damaged,2026-05-15,6176.37
498,4955,Damaged,2025-10-20,9132.09
499,4965,Damaged,2026-04-26,8491.61
500,4967,Damaged,2025-08-26,7661.44
501,4974,Damaged,2026-05-14,1863.44
502,4981,Damaged,2026-01-14,14168.33
503,4982,Damaged,2025-10-25,19140.68
504,4988,Damaged,2026-03-21,17696.88
505,4991,Damaged,2025-10-19,5762.81
506,4993,Damaged,2026-06-08,17115.38
507,5013,Damaged,2026-07-27,1361.95
508,5014,Damaged,2025-08-29,6398.29
509,5017,Damaged,2026-05-03,2614.65
510,5030,Damaged,2026-07-26,10410.89
511,5040,Damaged,2026-03-14,4513.66
512,5045,Damaged,2026-03-21,19146.33
513,5055,Damaged,2026-03-06,10855.29
514,5060,Damaged,2026-06-10,7196.8
515,5073,Damaged,2025-11-01,9734.21
516,5074,Damaged,2026-04-11,7688.26
517,5171,Damaged,2025-11-15,7694.39
518,5175,Damaged,2025-09-23,18134.53
519,5199,Damaged,2026-06-01,9531.71
520,5200,Damaged,2025-11-07,19472.92
521,5209,Damaged,2025-11-11,16391.99
522,5214,Damaged,2026-06-23,5402.47
523,5232,Damaged,2026-06-07,6182.42
524,5273,Damaged,2026-07-25,22169.76
525,5274,Damaged,2026-04-24,4100.33
526,5285,Damaged,2026-01-18,5115.63
527,5304,Damaged,2026-07-26,15458.36
528,5305,Damaged,2026-06-16,19260.87
529,5318,Damaged,2026-04-07,3612.34
530,5321,Damaged,2026-01-23,5195.45
531,5338,Damaged,2026-02-07,1516.06
532,5339,Damaged,2026-03-12,11292.54
533,5340,Damaged,2026-02-23,8717.25
534,5380,Damaged,2026-02-23,1934.34
535,5381,Damaged,2025-11-24,13158.19
536,5389,Damaged,2025-09-29,24351.77
537,5422,Damaged,2026-01-26,21817.83
538,5434,Damaged,2026-07-22,3630.05
539,5436,Damaged,2025-11-04,1699.77
540,5439,Damaged,2025-11-26,14175.7
541,5440,Damaged,2026-03-01,14580.82
542,5458,Damaged,2025-11-22,17562.91
543,5475,Damaged,2026-07-09,24339.1
544,5485,Damaged,2025-08-13,23092.94
545,5498,Damaged,2026-04-27,17608.19
546,5500,Damaged,2025-08-10,6275.4
547,5510,Damaged,2025-12-16,10694.09
548,5521,Damaged,2026-02-15,4380.88
549,5526,Damaged,2026-05-19,9798.86
550,5564,Damaged,2026-08-02,11068.19
551,5575,Damaged,2025-12-24,2427.22
552,5576,Damaged,2026-03-21,16654.21
553,5580,Damaged,2026-04-18,18876.58
554,5586,Damaged,2025-09-07,16654.03
555,5589,Damaged,2026-02-09,8180.0
556,5597,Damaged,2025-12-26,19643.96
557,5611,Damaged,2026-04-03,20924.96
558,5652,Damaged,2026-07-29,25159.14
559,5655,Damaged,2026-05-30,6764.67
560,5660,Damaged,2026-07-24,7910.8
561,5661,Damaged,2026-02-03,7243.32
562,5665,Damaged,2026-04-19,5110.73
563,5672,Damaged,2026-02-04,13212.66
564,5705,Damaged,2025-11-15,11566.91
565,5716,Damaged,2025-09-30,15046.13
566,5719,Damaged,2026-02-16,1831.56
567,5768,Damaged,2026-05-06,5018.72
568,5771,Damaged,2026-01-17,4720.69
569,5782,Damaged,2026-06-13,5924.52
570,5786,Damaged,2026-01-12,30774.66
571,5788,Damaged,2026-05-12,10179.54
572,5791,Damaged,2025-09-05,7202.23
573,5795,Damaged,2026-07-22,8848.5
574,5816,Damaged,2026-03-06,3464.75
575,5818,Damaged,2025-12-11,30768.6
576,5819,Damaged,2026-06-10,10005.69
577,5829,Damaged,2026-05-21,5411.52
578,5839,Damaged,2026-04-16,2364.4
579,5846,Damaged,2026-02-19,4389.97
580,5860,Damaged,2026-07-28,22516.22
581,5864,Damaged,2025-10-06,1889.66
582,5867,Damaged,2025-08-07,3803.4
583,5875,Damaged,2025-08-29,9707.16
584,5882,Damaged,2025-08-11,545.95
585,5883,Damaged,2026-03-12,16374.91
586,5891,Damaged,2026-02-24,482.74
587,5893,Damaged,2026-07-21,12532.52
588,5901,Damaged,2026-04-09,4070.33
589,5904,Damaged,2026-05-12,3956.11
590,5906,Damaged,2026-03-30,9285.9
591,5914,Damaged,2025-11-24,16291.98
592,5928,Damaged,2026-05-06,7458.94
593,5929,Damaged,2026-04-20,2513.67
594,5934,Damaged,2026-02-27,12283.63
595,5952,Damaged,2026-02-25,12568.25
596,5957,Damaged,2026-06-23,19711.59
597,5979,Damaged,2026-02-21,18342.46
598,5992,Damaged,2026-03-12,781.41
599,5998,Damaged,2026-03-06,3010.46
600,5999,Damaged,2026-07-07,8496.45
601,6000,Damaged,2026-05-14,17346.82
602,6001,Damaged,2026-03-24,16709.12
603,6036,Damaged,2026-04-15,907.32
604,6071,Damaged,2026-06-16,6374.28
605,6073,Damaged,2025-11-18,5085.18
606,6116,Damaged,2025-08-17,2291.33
607,6118,Damaged,2026-06-13,5117.06
608,6143,Damaged,2026-01-17,7144.55
609,6168,Damaged,2026-01-10,1541.77
610,6176,Damaged,2025-10-29,10373.55
611,6195,Damaged,2025-08-19,20116.91
612,6196,Damaged,2025-11-09,5086.74
613,6199,Damaged,2025-11-10,3813.39
614,6212,Damaged,2025-10-05,28510.17
615,6229,Damaged,2026-03-22,2593.36
616,6238,Damaged,2026-06-05,7792.75
617,6252,Damaged,2026-05-23,9442.49
618,6253,Damaged,2026-03-26,6116.99
619,6254,Damaged,2026-04-11,1346.27
620,6258,Damaged,2025-10-17,1357.56
621,6266,Damaged,2025-11-17,6068.31
622,6277,Damaged,2026-07-27,20112.76
623,6289,Damaged,2026-03-24,5199.03
624,6322,Damaged,2025-12-22,2788.02
625,6331,Damaged,2026-07-17,4400.37
626,6334,Damaged,2025-08-08,2273.28
627,6336,Damaged,2026-02-22,1353.74
628,6338,Damaged,2025-09-04,2961.2
629,6351,Damaged,2025-08-30,22028.55
630,6363,Damaged,2026-07-27,9023.87
631,6365,Damaged,2025-08-31,479.09
632,6368,Damaged,2026-05-11,4530.68
633,6379,Damaged,2025-09-12,5767.74
634,6384,Damaged,2026-01-30,1064.66
635,6388,Damaged,2026-04-12,2711.09
636,6389,Damaged,2025-12-03,6187.73
637,6390,Damaged,2025-11-22,7159.1
638,6394,Damaged,2026-04-17,2557.09
639,6401,Damaged,2026-06-24,14248.64
640,6420,Damaged,2026-01-28,4918.74
641,6421,Damaged,2025-10-14,1343.85
642,6431,Damaged,2026-02-18,4941.62
643,6434,Damaged,2026-01-05,6093.42
644,6439,Damaged,2025-11-02,16529.13
645,6458,Damaged,2026-07-29,189.21
646,6471,Damaged,2026-04-17,6974.36
647,6476,Damaged,2025-10-12,6024.82
648,6481,Damaged,2025-09-28,3634.97
649,6482,Damaged,2025-11-11,5550.79
650,6486,Damaged,2025-08-17,22033.6
651,6489,Damaged,2026-06-30,2711.76
652,6512,Damaged,2025-09-14,8137.8
653,6517,Damaged,2025-12-08,6387.71
654,6537,Damaged,2026-03-13,718.19
655,6542,Damaged,2026-04-27,4242.76
656,6551,Damaged,2026-02-17,3591.17
657,6566,Damaged,2025-12-27,5911.85
658,6600,Damaged,2026-03-11,1357.86
659,6601,Damaged,2025-10-17,5736.71
660,6603,Damaged,2026-06-26,21977.91
661,6607,Damaged,2025-12-06,7681.61
662,6626,Damaged,2026-02-11,6918.07
663,6656,Damaged,2025-08-12,5545.96
664,6664,Damaged,2026-02-27,18979.35
665,6675,Damaged,2025-12-23,6149.03
666,6683,Damaged,2025-09-18,9667.33
667,6687,Damaged,2026-06-30,1640.83
668,6694,Damaged,2026-07-04,3767.66
669,6720,Damaged,2026-03-07,6148.61
670,6727,Damaged,2026-04-07,837.84
671,6733,Damaged,2026-02-23,1999.48
672,6741,Damaged,2025-11-03,7318.39
673,6760,Damaged,2025-08-15,22603.59
674,6765,Damaged,2026-07-11,5389.06
675,6778,Damaged,2026-06-27,24475.93
676,6785,Damaged,2026-07-07,18352.32
677,6786,Damaged,2025-09-27,18983.77
678,6788,Damaged,2026-01-03,932.81
679,6804,Damaged,2025-10-16,14409.9
680,6806,Damaged,2026-03-11,12312.33
681,6830,Damaged,2025-10-12,6193.65
682,6854,Damaged,2026-08-04,23330.38
683,6857,Damaged,2026-06-13,359.25
684,6860,Damaged,2025-10-16,10248.28
685,6868,Damaged,2026-08-03,12568.9
686,6895,Damaged,2026-06-15,4558.97
687,6921,Damaged,2026-01-12,25539.86
688,6926,Damaged,2025-08-09,5225.56
689,6928,Damaged,2026-03-07,7791.34
690,6930,Damaged,2025-11-27,28159.73
691,6931,Damaged,2026-03-04,3835.18
692,6940,Damaged,2026-06-13,2606.56
693,7001,Damaged,2026-02-21,186.48
694,7026,Damaged,2026-07-08,18147.29
695,7032,Damaged,2026-01-05,8589.03
696,7040,Damaged,2025-12-13,1572.75
697,7042,Damaged,2025-12-17,13302.95
698,7044,Damaged,2026-06-08,12563.34
699,7048,Damaged,2026-03-03,1984.74
700,7057,Damaged,2025-08-14,7686.7
701,7058,Damaged,2026-07-25,6927.3
702,7065,Damaged,2026-01-09,6479.74
703,7068,Damaged,2026-04-18,11320.05
704,7085,Damaged,2025-11-16,10267.46
705,7088,Damaged,2025-10-14,5226.43
706,7097,Damaged,2026-07-17,2580.47
707,7100,Damaged,2025-10-30,20103.26
708,7105,Damaged,2026-06-27,21818.42
709,7109,Damaged,2026-06-03,6769.04
710,7122,Damaged,2026-02-26,5839.87
711,7123,Damaged,2026-04-06,5641.46
712,7127,Damaged,2025-12-27,15946.28
713,7128,Damaged,2025-11-26,13585.25
714,7143,Damaged,2025-12-20,9287.5
715,7153,Damaged,2026-01-28,18255.52
716,7156,Damaged,2025-12-24,3746.08
717,7162,Damaged,2025-10-15,5456.15
718,7163,Damaged,2025-08-26,21801.57
719,7164,Damaged,2026-04-30,830.0
720,7176,Damaged,2026-04-19,10173.57
721,7178,Damaged,2025-10-18,637.48
722,7182,Damaged,2025-11-27,3774.05
723,7185,Damaged,2026-04-22,3167.42
724,7211,Damaged,2025-08-29,1518.09
725,7212,Damaged,2025-12-24,5027.92
726,7218,Damaged,2025-11-28,9216.75
727,7220,Damaged,2026-03-10,7111.78
728,7231,Damaged,2025-12-18,6915.99
729,7240,Damaged,2026-01-23,17921.72
730,7252,Damaged,2026-03-08,12822.68
731,7259,Damaged,2025-08-29,15229.28
732,7276,Damaged,2025-09-11,10222.06
733,7281,Damaged,2026-03-14,22211.42
734,7290,Damaged,2026-04-14,10688.25
735,7298,Damaged,2025-08-22,19449.11
736,7299,Damaged,2025-11-27,834.5
737,7306,Damaged,2026-06-01,9443.85
738,7314,Damaged,2026-04-03,13557.52
739,7326,Damaged,2026-07-05,22125.89
740,7341,Damaged,2026-08-04,486.63
741,7354,Damaged,2026-01-18,21385.33
742,7366,Damaged,2026-07-21,4180.4
743,7405,Damaged,2025-08-27,7002.07
744,7410,Damaged,2025-10-11,8092.49
745,7412,Damaged,2026-05-11,1359.51
746,7414,Damaged,2025-11-05,1812.77
747,7423,Damaged,2025-11-26,7674.05
748,7442,Damaged,2026-06-04,10839.82
749,7456,Damaged,2025-09-15,10917.06
750,7459,Damaged,2026-02-18,7836.14
751,7465,Damaged,2026-02-22,12222.36
752,7471,Damaged,2026-04-09,30445.08
753,7489,Damaged,2026-07-15,21788.91
754,7499,Damaged,2026-06-27,12576.25
755,7504,Damaged,2026-06-14,14880.82
756,7523,Damaged,2026-07-20,12047.09
757,7539,Damaged,2026-03-28,5658.22
758,7542,Damaged,2025-08-23,3988.74
759,7560,Damaged,2026-07-24,11942.99
760,7563,Damaged,2026-04-11,14581.96
761,7574,Damaged,2026-06-12,16981.28
762,7579,Damaged,2026-07-29,18138.44
763,7598,Damaged,2026-02-09,12556.03
764,7599,Damaged,2026-01-03,11842.0
765,7604,Damaged,2026-03-23,10884.78
766,7613,Damaged,2025-10-02,4427.93
767,7636,Damaged,2026-03-23,25173.17
768,7640,Damaged,2025-10-01,1089.89
769,7642,Damaged,2025-08-12,7620.31
770,7649,Damaged,2026-01-19,29269.04
771,7651,Damaged,2026-03-13,9059.35
772,7675,Damaged,2026-01-26,8592.87
773,7676,Damaged,2026-01-11,6450.22
774,7683,Damaged,2025-09-18,2857.37
775,7689,Damaged,2025-09-03,10465.7
776,7704,Damaged,2026-04-13,23352.28
777,7715,Damaged,2025-08-28,10835.38
778,7736,Damaged,2026-03-23,310.24
779,7740,Damaged,2025-09-06,8606.19
780,7746,Damaged,2025-12-16,2539.12
781,7762,Damaged,2025-12-14,7543.78
782,7775,Damaged,2026-07-20,8504.44
783,7832,Damaged,2026-06-12,2868.49
784,7842,Damaged,2026-05-20,6176.05
785,7844,Damaged,2026-02-27,7303.64
786,7845,Damaged,2026-03-02,12078.85
787,7864,Damaged,2026-06-08,3412.68
788,7872,Damaged,2025-12-21,13300.2
789,7882,Damaged,2026-06-28,6098.46
790,7888,Damaged,2025-09-20,16369.9
791,7890,Damaged,2026-04-01,4245.49
792,7900,Damaged,2025-09-21,11968.83
793,7943,Damaged,2025-11-12,22612.82
794,7946,Damaged,2026-05-27,9710.71
795,7949,Damaged,2026-05-29,16593.75
796,7972,Damaged,2025-10-14,18880.67
797,7979,Damaged,2026-04-15,6571.19
798,7984,Damaged,2025-10-29,17938.22
799,7998,Damaged,2026-01-23,4060.82
800,8009,Damaged,2026-03-20,3154.18
801,8013,Damaged,2025-10-14,17340.87
802,8021,Damaged,2026-06-28,9117.09
803,8022,Damaged,2026-04-08,4384.7
804,8028,Damaged,2025-11-11,3763.9
805,8045,Damaged,2025-09-21,3810.04
806,8052,Damaged,2025-08-08,12229.65
807,8058,Damaged,2025-10-03,13430.72
808,8070,Damaged,2025-10-14,10059.41
809,8092,Damaged,2026-01-17,19597.65
810,8121,Damaged,2025-11-08,2341.52
811,8128,Damaged,2026-01-22,6575.13
812,8138,Damaged,2026-03-09,7696.32
813,8148,Damaged,2025-11-28,1850.68
814,8155,Damaged,2025-11-30,15808.12
815,8160,Damaged,2025-11-18,5923.07
816,8177,Damaged,2026-02-24,21017.09
817,8183,Damaged,2026-07-27,710.1
818,8187,Damaged,2026-06-08,7210.61
819,8209,Damaged,2025-12-19,6990.48
820,8216,Damaged,2026-04-16,13569.44
821,8229,Damaged,2025-11-25,12357.12
822,8230,Damaged,2026-05-03,602.37
823,8235,Damaged,2026-01-15,10172.05
824,8238,Damaged,2025-12-10,7915.66
825,8244,Damaged,2026-06-13,7258.29
826,8250,Damaged,2025-08-31,19278.72
827,8255,Damaged,2026-02-24,5562.94
828,8272,Damaged,2026-01-23,7003.83
829,8275,Damaged,2026-06-16,1351.68
830,8277,Damaged,2025-12-22,4791.39
831,8278,Damaged,2026-03-24,7297.7
832,8284,Damaged,2026-06-17,2788.53
833,8302,Damaged,2026-02-08,2713.27
834,8305,Damaged,2025-12-10,19643.68
835,8331,Damaged,2025-10-12,4411.74
836,8332,Damaged,2025-09-22,18555.79
837,8353,Damaged,2026-08-01,2270.9
838,8354,Damaged,2026-05-31,7599.61
839,8356,Damaged,2026-02-12,12184.58
840,8384,Damaged,2025-11-07,10724.13
841,8387,Damaged,2025-12-31,4356.29
842,8406,Damaged,2025-10-24,984.41
843,8413,Damaged,2026-06-20,10046.01
844,8419,Damaged,2025-10-21,6283.89
845,8421,Damaged,2025-08-16,16378.24
846,8435,Damaged,2025-12-07,849.06
847,8436,Damaged,2026-02-01,3481.41
848,8438,Damaged,2025-09-10,612.1
849,8457,Damaged,2026-05-08,12293.79
850,8465,Damaged,2026-02-09,1362.66
851,8467,Damaged,2025-09-14,10697.97
852,8469,Damaged,2026-01-20,2296.6
853,8478,Damaged,2025-08-21,12838.41
854,8480,Damaged,2026-03-01,5444.33
855,8487,Damaged,2026-02-08,7461.12
856,8494,Damaged,2025-08-20,18898.81
857,8558,Damaged,2025-09-24,22164.58
858,8561,Damaged,2025-10-24,1065.76
859,8576,Damaged,2025-10-04,14182.59
860,8606,Damaged,2026-04-11,11286.83
861,8607,Damaged,2026-03-05,11463.35
862,8613,Damaged,2025-11-10,9789.47
863,8618,Damaged,2026-07-11,9725.85
864,8622,Damaged,2026-07-14,7533.74
865,8625,Damaged,2025-10-28,6998.53
866,8626,Damaged,2025-08-19,3577.69
867,8639,Damaged,2025-09-16,24470.05
868,8643,Damaged,2026-05-06,2600.27
869,8647,Damaged,2025-11-17,14169.17
870,8653,Damaged,2026-03-16,7966.36
871,8657,Damaged,2025-09-19,25599.38
872,8686,Damaged,2026-06-29,19414.03
873,8698,Damaged,2025-08-25,905.41
874,8704,Damaged,2025-11-06,13869.23
875,8705,Damaged,2026-01-04,5644.6
876,8710,Damaged,2026-05-23,1333.98
877,8718,Damaged,2025-12-24,7321.72
878,8721,Damaged,2025-09-26,4414.36
879,8744,Damaged,2026-03-03,12904.45
880,8754,Damaged,2025-08-24,9023.74
881,8809,Damaged,2025-10-23,3577.17
882,8812,Damaged,2025-11-04,4391.85
883,8817,Damaged,2025-09-15,23730.41
884,8822,Damaged,2025-12-28,23743.3
885,8840,Damaged,2025-11-01,9270.23
886,8864,Damaged,2025-10-04,22196.33
887,8868,Damaged,2025-11-25,4556.84
888,8871,Damaged,2025-08-11,19411.91
889,8872,Damaged,2025-09-09,24341.5
890,8875,Damaged,2026-07-04,2300.22
891,8878,Damaged,2025-08-11,8654.06
892,8894,Damaged,2026-07-30,11846.99
893,8900,Damaged,2026-04-22,24469.71
894,8901,Damaged,2025-09-07,5976.45
895,8941,Damaged,2025-10-12,587.21
896,8966,Damaged,2026-04-09,16376.74
897,8968,Damaged,2026-06-27,9231.47
898,8971,Damaged,2026-02-11,8818.34
899,8975,Damaged,2026-01-19,4088.66
900,8978,Damaged,2026-02-04,2190.16
901,8982,Damaged,2026-06-21,1804.68
902,9012,Damaged,2025-11-21,8378.05
903,9023,Damaged,2026-04-24,6440.85
904,9025,Damaged,2026-04-04,5400.29
905,9029,Damaged,2025-10-05,19289.78
906,9034,Damaged,2025-12-24,1361.53
907,9048,Damaged,2025-11-09,1834.31
908,9051,Damaged,2025-08-09,1559.79
909,9057,Damaged,2025-08-28,10261.63
910,9066,Damaged,2025-12-15,2333.05
911,9069,Damaged,2026-03-14,3582.39
912,9076,Damaged,2025-08-16,5495.98
913,9090,Damaged,2026-03-13,28168.4
914,9096,Damaged,2025-08-25,17419.54
915,9117,Damaged,2026-04-30,905.21
916,9131,Damaged,2026-03-07,6479.17
917,9138,Damaged,2025-11-30,11555.76
918,9140,Damaged,2025-12-19,25068.89
919,9153,Damaged,2025-08-24,1785.78
920,9194,Damaged,2025-08-17,5029.03
921,9199,Damaged,2026-07-07,4557.85
922,9203,Damaged,2026-06-07,1714.54
923,9206,Damaged,2026-07-05,3350.04
924,9221,Damaged,2026-05-31,9334.08
925,9229,Damaged,2025-09-08,1247.46
926,9234,Damaged,2026-07-12,2511.91
927,9235,Damaged,2026-03-10,21623.88
928,9243,Damaged,2026-07-23,3944.7
929,9244,Damaged,2026-03-02,17504.77
930,9261,Damaged,2026-07-03,21629.69
931,9288,Damaged,2026-04-14,10381.25
932,9299,Damaged,2026-07-30,5119.61
933,9301,Damaged,2025-08-09,15804.78
934,9308,Damaged,2026-04-17,4704.25
935,9338,Damaged,2026-03-11,3592.49
936,9339,Damaged,2026-05-13,10391.99
937,9356,Damaged,2026-07-11,1914.68
938,9357,Damaged,2026-05-29,3817.25
939,9367,Damaged,2026-05-24,4554.64
940,9374,Damaged,2026-05-02,10393.88
941,9391,Damaged,2026-07-10,2282.87
942,9410,Damaged,2026-03-02,2605.29
943,9432,Damaged,2025-11-25,318.68
944,9437,Damaged,2026-03-25,4076.4
945,9444,Damaged,2025-08-21,2592.37
946,9446,Damaged,2026-02-09,1498.78
947,9459,Damaged,2026-01-10,20610.31
948,9467,Damaged,2026-03-15,25678.13
949,9468,Damaged,2025-08-25,12791.44
950,9481,Damaged,2025-08-27,5540.2
951,9502,Damaged,2025-12-29,4718.05
952,9504,Damaged,2025-09-08,21127.9
953,9516,Damaged,2026-05-29,31656.63
954,9522,Damaged,2025-11-20,5673.83
955,9528,Damaged,2025-08-18,2949.25
956,9531,Damaged,2026-04-05,21830.37
957,9570,Damaged,2026-04-19,2170.21
958,9573,Damaged,2026-02-25,1776.54
959,9582,Damaged,2025-08-22,13428.23
960,9602,Damaged,2025-12-10,11070.94
961,9607,Damaged,2026-04-21,4322.11
962,9616,Damaged,2026-05-28,556.7
963,9621,Damaged,2025-08-21,11051.07
964,9625,Damaged,2026-04-20,13898.56
965,9632,Damaged,2025-11-05,13210.23
966,9638,Damaged,2026-04-06,15072.0
967,9646,Damaged,2025-11-12,655.72
968,9648,Damaged,2026-06-12,13433.16
969,9650,Damaged,2026-04-19,12902.06
970,9662,Damaged,2026-03-27,9448.21
971,9705,Damaged,2025-12-20,4949.1
972,9710,Damaged,2025-12-28,4350.54
973,9735,Damaged,2025-09-30,4722.58
974,9739,Damaged,2026-02-07,6103.79
975,9740,Damaged,2026-06-09,11054.7
976,9742,Damaged,2026-03-04,12363.39
977,9771,Damaged,2026-02-06,12301.95
978,9775,Damaged,2025-10-29,1943.39
979,9778,Damaged,2026-06-28,12838.83
980,9781,Damaged,2026-01-26,7795.94
981,9782,Damaged,2025-10-01,8777.17
982,9783,Damaged,2026-02-02,12926.16
983,9787,Damaged,2025-10-01,995.59
984,9800,Damaged,2026-06-25,5509.64
985,9828,Damaged,2026-01-31,2721.25
986,9838,Damaged,2025-11-21,4782.37
987,9841,Damaged,2026-03-20,6888.6
988,9846,Damaged,2026-03-23,6013.06
989,9853,Damaged,2025-11-11,6935.6
990,9874,Damaged,2025-11-07,13654.04
991,9888,Damaged,2026-05-26,12535.74
992,9906,Damaged,2025-09-05,1475.31
993,9915,Damaged,2026-04-25,18341.9
994,9925,Damaged,2025-09-25,15221.48
995,9952,Damaged,2026-04-25,5297.84
996,9966,Damaged,2025-08-17,24475.68
997,9982,Damaged,2025-12-19,8196.91
998,9986,Damaged,2026-03-02,1435.41
999,9989,Damaged,2026-04-20,13897.9
1000,10001,Damaged,2025-09-23,21820.7
